Timestamp,Linear_Acceleration_X,Linear_Acceleration_Y,Linear_Acceleration_Z,Orientation_X,Orientation_Y,Orientation_Z,Angular_Velocity_X,Angular_Velocity_Y,Angular_Velocity_Z
2024-03-06 03:07:14.944,2.847177505085712e-05,-0.006716045435733798,-9.810466505276233,0.00041532892851515476,8.479748305672785e-06,1.5988088386530914e-07,-0.0,0.0,-0.0
2024-03-06 03:07:14.996,3.2742044319392766e-05,-0.0065455110035756965,-9.810492302910324,0.00041532892851515476,8.479748305672785e-06,1.5988088386530914e-07,-0.0,0.0,-0.0
2024-03-06 03:07:15.046,3.138300421465282e-05,-0.006702675545929625,-9.810475818501537,0.00041532892851515476,8.479748305672785e-06,1.5988088386530914e-07,-0.0,0.0,-0.0
2024-03-06 03:07:15.096,3.180559895376691e-05,-0.006742802723114319,-9.810475259708019,0.00041532892851515476,8.479748305672785e-06,1.5988088386530914e-07,-0.0,0.0,-0.0
2024-03-06 03:07:15.150,3.216153377402048e-05,-0.006752467922850987,-9.810479171262648,0.00041532892851515476,8.479748305672785e-06,1.5988088386530914e-07,-0.0,0.0,-0.0
2024-03-06 03:07:15.202,3.252110586236564e-05,-0.006757050093365084,-9.810476842956321,0.00041532892851515476,8.479748305672785e-06,1.5988088386530914e-07,-0.0,0.0,-0.0
2024-03-06 03:07:15.254,3.27773417715649e-05,-0.006759774939362172,-9.810475445972525,0.00041532892851515476,8.479748305672785e-06,1.5988088386530914e-07,-0.0,0.0,-0.0
2024-03-06 03:07:15.311,3.311656391692447e-05,-0.006754863077034343,-9.810478146807862,0.0004142374185439686,8.559802950094439e-06,1.5872133492842697e-07,-4.366040168120653e-05,3.2021731164065516e-06,-4.8078650740916756e-08
2024-03-06 03:07:15.360,3.159368954048992e-05,-0.006692704892411875,-9.810397587408984,0.0004142374185439686,8.559802950094439e-06,1.5872133492842697e-07,-0.0,0.0,-0.0
2024-03-06 03:07:15.414,3.620581209401068e-05,-0.006626442704092057,-9.8105589856035,0.0004142374185439686,8.559802950094439e-06,1.5872133492842697e-07,-0.0,0.0,-0.0
2024-03-06 03:07:15.465,3.374984273842594e-05,-0.006755982664959048,-9.810476842956321,0.0004142374185439686,8.559802950094439e-06,1.5872133492842697e-07,-0.0,0.0,-0.0
2024-03-06 03:07:15.514,3.384056500825439e-05,-0.006781304587869407,-9.810476656691813,0.0004142374185439686,8.559802950094439e-06,1.5872133492842697e-07,-0.0,0.0,-0.0
2024-03-06 03:07:15.569,3.405029980559188e-05,-0.006783061867973972,-9.810475259708019,0.0004142374185439686,8.559802950094439e-06,1.5872133492842697e-07,-0.0,0.0,-0.0
2024-03-06 03:07:15.638,3.411596141195608e-05,-0.006784689499614956,-9.81047898499814,0.0004142374185439686,8.559802950094439e-06,1.5872133492842697e-07,-0.0,0.0,-0.0
2024-03-06 03:07:15.694,3.436480945341117e-05,-0.0067801666736273325,-9.810476842956321,0.00041314960923556426,8.670936333587133e-06,1.579603910868537e-07,-4.351237507238573e-05,4.4453291377974965e-06,-3.264679979947074e-08
2024-03-06 03:07:15.745,3.164656578580312e-05,-0.006748403300272354,-9.810396562954201,0.00041314960923556426,8.670936333587133e-06,1.579603910868537e-07,-0.0,0.0,-0.0
2024-03-06 03:07:15.797,3.768336468183312e-05,-0.006622142658821051,-9.810560941380814,0.00041314960923556426,8.670936333587133e-06,1.579603910868537e-07,-0.0,0.0,-0.0
2024-03-06 03:07:15.850,3.4636113486420624e-05,-0.0067649802046668575,-9.810475632237031,0.00041314960923556426,8.670936333587133e-06,1.579603910868537e-07,-0.0,0.0,-0.0
2024-03-06 03:07:15.906,3.4783632098955963e-05,-0.006793693496734841,-9.810475166575765,0.00041314960923556426,8.670936333587133e-06,1.579603910868537e-07,-0.0,0.0,-0.0
2024-03-06 03:07:15.960,3.491565501861017e-05,-0.006799659463371958,-9.81047740174984,0.00041314960923556426,8.670936333587133e-06,1.579603910868537e-07,-0.0,0.0,-0.0
2024-03-06 03:07:16.012,3.502884926720378e-05,-0.0067983765756813065,-9.81047898499814,0.005015261464554148,4.145277847688316e-05,3.3387681424241466e-05,0.18408526000883416,0.0013179060244461814,0.0013241921077724935
2024-03-06 03:07:16.066,0.0049502000093471325,0.08351513437310644,-9.85222812512551,0.0025958905240062945,1.2521688510838733e-05,0.0001142460188852504,-0.09677564128467118,-0.001145618177052306,0.00323331059348311
2024-03-06 03:07:16.121,0.029286873264502293,-1.3544064671509446,-9.773072043036413,-0.0015483164636532487,-0.00013441774061426784,0.0001850487038609481,-0.16576871340882143,-0.005863009366927215,0.002820996594757921
2024-03-06 03:07:16.177,0.028386869414327186,-0.2607794598416635,-9.745967204641245,0.0022283496307138736,-0.00010420753954652868,0.0006795331114644847,0.15106902138496642,0.0012244424812606967,0.01975644544045545
2024-03-06 03:07:16.232,0.12806916757810158,0.3404804278204666,-9.843808596921862,0.007225812191460871,-6.570752075156132e-05,0.0019011573871376992,0.19990517969064067,0.0017570140488672196,0.04883310160013082
2024-03-06 03:07:16.288,0.2906795727717963,-1.3616172983264716,-9.910278669163386,0.004315309651266208,-0.00010338241844554793,0.003751273869036995,-0.11641677189601705,-0.0009662748837235999,0.07401779644495049
2024-03-06 03:07:16.345,0.22212099102030458,-2.4293900041152816,-9.776070994716491,-0.000495471089811552,-0.0001323866678622071,0.006096584154500173,-0.19242246272463603,-0.0004848726291572819,0.09383497179921915
2024-03-06 03:07:16.399,0.032232810114395515,-0.6007858004746252,-9.655299417283135,0.0006335042481748817,3.989611327415859e-06,0.009157369938138768,0.04519130104886228,0.0052571905159751,0.12242590510024463
2024-03-06 03:07:16.454,0.177305419074766,0.9155463574520646,-9.77297779319634,0.001403968963429208,0.00025172581437601075,0.012370516288776232,0.030877071037600283,0.009807502189129826,0.1285199457201401
2024-03-06 03:07:16.512,-0.13113157651949636,0.4911436698880725,-9.899404454166417,0.001579284773881868,0.0003611548405667236,0.015539827867423419,0.007022627023356561,0.004490785499425803,0.12677971354861567
2024-03-06 03:07:16.566,0.042116617442390425,0.23628156091984398,-9.888495221442305,0.0023354330021598453,0.0006270823879977531,0.018695722085453104,0.03033259772554322,0.010461738796757205,0.1262413878924157
2024-03-06 03:07:16.623,0.1380201996580882,-0.023247617706071116,-9.758351931650239,0.003003757993093879,0.0008282855611186597,0.022132085934627534,0.026772050889253135,0.007961790492641925,0.13747698612675316
2024-03-06 03:07:16.693,0.23800330779569345,-0.40853567576471767,-9.733360357208756,0.0025477820913338643,0.0008000821081320838,0.026605596750130807,-0.018393711703179234,-0.0002654294817126847,0.17897990558788618
2024-03-06 03:07:16.749,-0.07712347248553103,-0.46625529180372144,-9.817148371902698,0.0024084449490818097,0.0008285926538404076,0.03156880750508035,-0.0056941650359058895,0.0017704687962172628,0.1986045109066965
2024-03-06 03:07:16.803,0.07687911491763325,-0.03925720625359796,-9.862529204237285,0.002464600269384945,0.0009370512774007969,0.03670622947510605,0.00220416960505632,0.004777402995637011,0.2056077293575712
2024-03-06 03:07:16.859,0.15416281889793113,0.06462656003799795,-9.812189172560677,0.0022634082176959964,0.0011330176229609925,0.041613546435265235,-0.007961738149429047,0.008580733662521735,0.1964173302368496
2024-03-06 03:07:16.913,0.22567390425538725,0.04916185337840158,-9.776678496403058,0.0021702238116297714,0.0012623717012228066,0.04639289675432532,-0.003733914071400775,0.0057492213599067005,0.19134345606765357
2024-03-06 03:07:16.995,0.22305678462642617,0.17386543524485343,-9.80813903714056,0.003103129655163115,0.001404116436334393,0.05154692157674701,0.03727772670733401,0.00458522385756269,0.20644375494256653
2024-03-06 03:07:17.050,0.22716163015203258,-0.047256955378591335,-9.84609145470833,0.0025029444343035935,0.001314281545763746,0.057728550229063855,-0.024455854623211426,-0.0017163151641013995,0.24760673095346175
2024-03-06 03:07:17.103,-0.004657765891127232,-0.16770192673169237,-9.805830474852256,0.0021024235432826194,0.0012708185748314378,0.06516286991089883,-0.01643875259476286,-0.00016487404153131283,0.2979162572589627
2024-03-06 03:07:17.174,-0.10286217168698017,0.2549406260059011,-9.782756493500825,0.002250034689464753,0.0014354778446896788,0.07286554890124718,0.005921213822868011,0.00690841146723487,0.30883745620097447
2024-03-06 03:07:17.230,0.18049895895603402,0.4326669308324219,-9.79835158240429,0.002468001008226989,0.0016563115042748367,0.08031352319077223,0.00889644140278455,0.008944475785904621,0.29878944089409826
2024-03-06 03:07:17.287,0.3454766508710485,0.32663297328501323,-9.835164619988394,0.002655103961889531,0.0018776686591037682,0.08741938846977215,0.007695243962315608,0.009020842659721312,0.2852305027701516
2024-03-06 03:07:17.344,0.37756779154906295,0.2530180074121632,-9.84385944713202,0.0028904455643581762,0.0021047910796073107,0.09436888391893519,0.009654170183370472,0.009080510178763079,0.2791296570273591
2024-03-06 03:07:17.398,0.37204411180061314,0.10386452866057776,-9.802004601897455,0.0021328555654723286,0.0019138804190589034,0.10285949228376118,-0.03147400894652374,-0.003958911230023126,0.34123336879389987
2024-03-06 03:07:17.455,0.011533042741301302,0.047550319065278145,-9.76114375719956,0.0017043725106725789,0.0018584668196361355,0.1129363581595231,-0.017958706705271995,0.0003195227240090351,0.40541003460823666
2024-03-06 03:07:17.513,-0.10861217408804606,0.5162202027721979,-9.811361785624687,0.0017863326921871636,0.002061774853778538,0.1233107973850554,0.0033997218201549826,0.008545059701307473,0.41789800457128745
2024-03-06 03:07:17.570,0.3053886816372883,0.6334667986428303,-9.846852531480158,0.0017880612663042695,0.0022937541010909623,0.13347786325485053,0.0003655442533076898,0.010039136553986795,0.4100631628916162
2024-03-06 03:07:17.626,0.4226592779805668,0.6570092876139343,-9.82658918839316,0.00189127788374477,0.0025935100630788965,0.14327309696741883,0.00477089080213448,0.012205826989359226,0.39560686880742457
2024-03-06 03:07:17.682,0.4772328050212254,0.5568825026033375,-9.805572777908099,0.0021384022846658054,0.0029761620868615116,0.15267681873243888,0.010967688696851172,0.014694321212411536,0.3803373281111119
2024-03-06 03:07:17.742,0.4809889306496498,0.4187100877364031,-9.800431225614629,0.0019485094293304802,0.0030079410468230425,0.1631485426377504,-0.00845269528826748,0.0034215352355180823,0.4241642090603558
2024-03-06 03:07:17.793,0.25170587437506803,0.10412350908359609,-9.793054499248248,0.000984270210438421,0.0027418981806201434,0.17558835469697975,-0.041078129354302426,-0.0034986205911733477,0.5047741247167397
2024-03-06 03:07:17.847,-0.029693902660497432,0.4538253270761071,-9.806101024047331,0.0009316839308283155,0.00293862727502601,0.1884679502465926,-0.002123916769069485,0.00885779684631146,0.5239296607546596
2024-03-06 03:07:17.902,0.3662776901105771,0.8345633232381852,-9.823193400182888,0.0009696148115518939,0.003387239218989891,0.20099329491523368,0.0032610719843394627,0.018139250198812035,0.5107910622509928
2024-03-06 03:07:17.960,0.5307294234473253,0.9793917648969404,-9.807125851359759,0.0005846955173958217,0.0036193613838010935,0.21326273253981395,-0.014939955303538349,0.012831565574011031,0.5016051832222659
2024-03-06 03:07:18.015,0.5202006796326166,0.8759924900479457,-9.816527459171693,0.0005086958524130597,0.0039993385763221236,0.22521313047375222,-0.0015938015246981442,0.016147810589671234,0.48992884897961597
2024-03-06 03:07:18.076,0.27257024063627955,0.8434636001320149,-9.819670765843979,0.0009280406834455943,0.004305445539065257,0.23841681397641282,0.016929403641634727,0.009154896916021043,0.543009350992788
2024-03-06 03:07:18.130,0.43442498400744595,0.6083441318240476,-9.814504812900214,0.0010784119776199978,0.0044612071304542455,0.2529602146625575,0.004871576803320077,0.0058653079349583,0.6001596343407526
2024-03-06 03:07:18.188,0.3669943689911507,0.4595365291617457,-9.916312614705467,0.0007923171360929423,0.0046288680974104724,0.26797841476355183,-0.012046010101443183,0.010567960923660873,0.6221569035435274
2024-03-06 03:07:18.244,0.5805816924109437,0.5607571026439665,-9.766790458833507,0.00046493116686403547,0.0050374990553709665,0.2829817755376272,-0.011196800389550204,0.02035621161992439,0.6242438124507589
2024-03-06 03:07:18.297,0.5482375012150849,0.899630363908458,-9.630351521868326,-0.00027845428491634017,0.005277238994259502,0.2983674226604282,-0.029118330054576192,0.018374590184620374,0.6430724681991501
2024-03-06 03:07:18.353,0.49947260078219446,0.9076897904349683,-9.782796633501883,-0.00050930309749957,0.005768424289007476,0.3137214395368459,-0.006607253079292585,0.02227522611563433,0.6451119339007148
2024-03-06 03:07:18.434,0.46439541160672343,0.9508486094481506,-9.952892449127962,0.00024173783005867097,0.006495516280797905,0.32913898797108004,0.033669191888879936,0.019635720089272342,0.6514921509345688
2024-03-06 03:07:18.491,0.6562644304060508,0.7908506467161859,-9.873139482429146,0.000374358177626225,0.006738585964346923,0.34560984184958654,0.00382656864728324,0.009196699255509781,0.6999208507598188
2024-03-06 03:07:18.547,0.8510103219640195,0.34226587279181975,-9.733438122640043,-0.000704340718827275,0.006435420182923465,0.36259437853483567,-0.04925306131383067,0.004627331167634464,0.7261436522451068
2024-03-06 03:07:18.604,0.7457453228691485,0.575175135201838,-9.726557884314607,-0.0026382245681836895,0.005695141972454854,0.37963236181858345,-0.08742088570200125,0.00012311746890013737,0.7333969825066601
2024-03-06 03:07:18.659,0.6215595286809504,1.327510988150667,-9.79097243459933,-0.0031538016074570845,0.00588424344393941,0.3966551337835109,-0.02110927895521976,0.014276986105146853,0.7387936248148019
2024-03-06 03:07:18.715,0.5365247932609502,1.8711910509218055,-9.868520029546207,-0.0022394735575633697,0.006971285040675504,0.41396646024536904,0.04529336121573356,0.025893516983646746,0.7578659622319456
2024-03-06 03:07:18.777,0.5724927138563912,1.6959879905959707,-9.861217808982257,-0.001290712624324697,0.008007351114415634,0.43141220008654413,0.04566025866919937,0.023605546395801168,0.7704442551826625
2024-03-06 03:07:18.834,0.6520426929889458,1.0255008565256896,-9.790797625360378,-0.001019608447642529,0.008402663218967038,0.4492201276539372,0.010220049574236657,0.011670617641257526,0.7935285847626476
2024-03-06 03:07:18.901,0.7505880894325744,0.3843135258008355,-9.75502338492666,-0.0017426349276329208,0.007951914357297116,0.46740585709517146,-0.04040877273478052,-0.0015329351134318104,0.8181350040260951
2024-03-06 03:07:18.956,0.7066003176973982,0.3538024938489057,-9.7802389424367,-0.0029771478918780036,0.007239575968283631,0.48610165894009044,-0.06360576652395908,-0.0015384545275018413,0.8502533092523722
2024-03-06 03:07:19.013,0.6300772008170027,0.8226628664826916,-9.81068592486439,-0.004631575564506931,0.006366821511161439,0.5041208667242679,-0.08127518088324676,0.0008059377068245551,0.8290257895986475
2024-03-06 03:07:19.067,0.7368202320506501,1.6722761173396539,-9.796243347592268,-0.004995659919710374,0.006452276636082895,0.5222234501846198,-0.017670519279509512,0.009326807795970482,0.8436596947544056
2024-03-06 03:07:19.120,0.5536677169268452,2.1623172235878383,-9.802324324922132,-0.00385661484425652,0.007671240072248552,0.5404128694070652,0.056960793752446226,0.018325377429397504,0.8594494117179229
2024-03-06 03:07:19.179,0.49237587944495503,1.9171834012713718,-9.83493765668774,-0.0036805831533297576,0.008047994365590998,0.558420786991493,0.006503945836055058,0.00987349100891837,0.862279308791154
2024-03-06 03:07:19.249,0.5691652730783179,1.2417921905113367,-9.826412330244642,-0.004994355387271824,0.006726956325166182,0.5761074110534317,-0.0802850427144871,-0.014896218802271453,0.8583234539358502
2024-03-06 03:07:19.306,0.5346338127122033,1.246553786495474,-9.773569369267637,-0.0060219876648786716,0.005464255826171751,0.5935372131982256,-0.06949879576307241,-0.019198273581129452,0.8589072254966401
2024-03-06 03:07:19.358,0.35054174449515624,1.924617124576612,-9.759824631967529,-0.005546696801595595,0.0059842638371649035,0.6108559719710014,0.02061833778696415,0.004587783980925884,0.8679974564572573
2024-03-06 03:07:19.415,0.19898594110432732,2.232484262104428,-9.823386183946678,-0.005059320554251971,0.0066900235656166766,0.6279113385305507,0.02538929363977995,0.010433430241661728,0.8693296110675081
2024-03-06 03:07:19.472,0.2064917487734191,1.813606563961194,-9.852306169953556,-0.005707081746576444,0.006207321208172148,0.6445798064990669,-0.03955550629186188,0.0006949994944775224,0.8640096374318877
2024-03-06 03:07:19.529,0.1937229210698335,1.5405992827652362,-9.795731120200559,-0.006238643358173167,0.005574783558870128,0.6609452065493644,-0.03971060340116718,-0.006730786662946764,0.8638528109374706
2024-03-06 03:07:19.581,0.16038279684304946,1.7608163624055362,-9.761910328774317,-0.006143108609859494,0.005494021415485169,0.6770046418050272,-0.006330539899718463,-0.0058722268005976805,0.8642559455319242
2024-03-06 03:07:19.634,0.05865980359571988,1.9047687206014947,-9.811901952692308,-0.005819607537055414,0.005696840595037728,0.6927457464904261,0.007991939238197791,-0.003234350003959807,0.8642615053046749
2024-03-06 03:07:19.692,-0.01729135901494016,1.7377070722886727,-9.862468016347039,-0.005876493151166606,0.005615102549768195,0.708147161847621,-0.010912172461691006,-0.0011574695789672421,0.8632078259563378
2024-03-06 03:07:19.748,-0.07242615922006394,1.5106434332739422,-9.826124085921489,-0.006295480606785323,0.005224779889525672,0.7231869989162109,-0.029899722796253858,0.0001283531333219401,0.8612396475341766
2024-03-06 03:07:19.804,-0.11610402756249029,1.5263652402491985,-9.763221258368079,-0.006456699257815643,0.005158767132504118,0.737903479817313,-0.013453574353429344,0.0021359975137406097,0.8621022260104444
2024-03-06 03:07:19.860,-0.136471346989238,1.6297628096138097,-9.779311065799684,-0.0062920823705350315,0.005396133289776656,0.7523053885949937,0.00429577770946965,0.001243029002651407,0.8639415299807043
2024-03-06 03:07:19.916,-0.1468925201413049,1.5440885873990897,-9.82815110940886,-0.006347038276095148,0.005230207345829616,0.7663672482666043,-0.013545243906704016,-0.0030084991580689078,0.8644331780644993
2024-03-06 03:07:19.973,-0.1731899775725893,1.398402036802374,-9.857273751198349,-0.00651688521356615,0.0046814402147887495,0.7800823094855461,-0.028103162136772143,-0.00948637413322295,0.8649686821192203
2024-03-06 03:07:20.025,-0.19683884685972594,1.4168927355096401,-9.810267574783744,-0.00659669786218842,0.004290918127525105,0.7934269155374899,-0.020947379247410036,-0.008030280930363926,0.8646882966226441
2024-03-06 03:07:20.092,-0.2849017716664911,1.587645191727295,-9.761847185106756,-0.006588938151361119,0.004432976539664416,0.8064196644205933,-0.0021631517645105307,0.002710997773054724,0.8662331399871879
2024-03-06 03:07:20.146,-0.37062616888253525,1.6046547383653078,-9.831032528185604,-0.0067027230411079676,0.004440426865918396,0.8190092517166984,-0.009389547882385605,0.0034412166839359387,0.8644482015318096
2024-03-06 03:07:20.199,-0.3533508868227757,1.5063571610262476,-9.875928607143127,-0.006853484213710345,0.004207682230661387,0.8312275537003708,-0.018025289325992983,-0.0008976988802253353,0.8651419528421143
2024-03-06 03:07:20.252,-0.34049011430237835,1.4778350243628153,-9.803925640880868,-0.006893843897494174,0.003940347859369858,0.8430812952102037,-0.016647900751799505,-0.00515960305100929,0.866912904792073
2024-03-06 03:07:20.307,-0.3658813076001157,1.5194081561734751,-9.765815829805465,-0.006840328414536701,0.0038232620768699666,0.8544509639142369,-0.009522491314859183,-0.004787052699057925,0.8601960060891407
2024-03-06 03:07:20.380,-0.46309094015263214,1.5161103663764628,-9.76308090806275,-0.006898777525822126,0.0036847330450483573,0.8654336887199212,-0.012667829386359025,-0.001327927445675928,0.8608814172665131
2024-03-06 03:07:20.435,-0.47755498149869585,1.4946270489823263,-9.880659725597457,-0.007109973990196466,0.003399938541278131,0.8760240583815081,-0.02085481117662493,0.0009977899476688763,0.8615743058598186
2024-03-06 03:07:20.487,-0.47515192780853405,1.511721916405654,-9.908422729624846,-0.00732949776313195,0.003312882161072887,0.8862369395180212,-0.014208611954207697,0.0053924200819805805,0.8642036870789698
2024-03-06 03:07:20.546,-0.48562627074593695,1.575274085310308,-9.796293639008908,-0.0073495420576223935,0.0033014345094362053,0.896003563581446,-0.007699154622899039,1.2129879242731746e-05,0.8612284454293908
2024-03-06 03:07:20.605,-0.5009169888945609,1.5770018399440742,-9.71427141183257,-0.007426144766657558,0.0032971465036304645,0.9053467173865939,-0.008496192758663992,0.0022994048081466756,0.8605012013079784
2024-03-06 03:07:20.659,-0.5467758079659509,1.4905303474356908,-9.789647069506346,-0.007510659335646963,0.0030583109980340467,0.9142798784797417,-0.01705598609314418,-0.0014327297654247516,0.861261557292065
2024-03-06 03:07:20.711,-0.50379877437955,1.4647809907758325,-9.941766870180043,-0.007513821495659435,0.0027184115201021757,0.9228086926744882,-0.019357629442124543,-0.005946728775063809,0.863199459063841
2024-03-06 03:07:20.764,-0.5077607368391029,1.515102128246605,-9.868878868117163,-0.007486511635495016,0.0024808498270264792,0.9309212136371909,-0.015143549064123806,-0.005255855280265977,0.8647375689376985
2024-03-06 03:07:20.817,-0.5646020749865976,1.5615645985679751,-9.7287679126792,-0.007427218105624242,0.0023782997476425134,0.9385589622975806,-0.009642723257685917,-0.004206207963819016,0.8602058950532898
2024-03-06 03:07:20.872,-0.6350928193868755,1.5484127877568339,-9.723818492223748,-0.00767425874102697,0.0022523591013335806,0.945782847038723,-0.015019042690498391,0.007001862589390425,0.862930197585981
2024-03-06 03:07:20.943,-0.6575869651516572,1.553038061405587,-9.865744129612157,-0.007829597810651557,0.0021297747013770073,0.9525821331732354,-0.013653402597889747,0.0037524804066845683,0.8649194340546358
2024-03-06 03:07:20.996,-0.5568570920501726,1.58012929085028,-9.95704810339077,-0.007888632303138604,0.0020139255671096866,0.9589375157352211,-0.012158686274992551,0.000347768603823273,0.8650547680995624
2024-03-06 03:07:21.050,-0.5815276861815603,1.5698837534859111,-9.825028291832243,-0.007684652564155588,0.0019168294643415462,0.9648064808491061,-0.008205205210227117,-0.009291271473113783,0.859027902760152
2024-03-06 03:07:21.115,-0.605162492498488,1.5194230107678348,-9.69041269811704,-0.007681180026508598,0.0015802942699504616,0.970244496919586,-0.019689199224199927,-0.0041707933659623315,0.8614513891195729
2024-03-06 03:07:21.171,-0.6803015767872516,1.484669197147592,-9.757938610711257,-0.007844955756831059,0.0012496411953987342,0.9752467990587238,-0.021252375848816882,0.0024887866493522415,0.8643092845413027
2024-03-06 03:07:21.229,-0.6531159927286994,1.6100841042452592,-9.922088956435642,-0.007966286256375068,0.0012348258066883513,0.9797998913121525,-0.008607059840088645,0.004045688818025662,0.8656944145280345
2024-03-06 03:07:21.283,-0.63619519967264,1.6524322826657012,-9.92272467719488,-0.007879551587032796,0.0012281909720529816,0.9838653315394703,-0.006405307715841931,-0.0038447556366564433,0.8589279948900731
2024-03-06 03:07:21.339,-0.6606413581709292,1.5823110302930117,-9.744528776993073,-0.007904559492077506,0.0010039545745799002,0.9874906687607746,-0.01586223746718909,-0.0010595402869836106,0.8624665408689487
2024-03-06 03:07:21.392,-0.6717334313356271,1.516149284016701,-9.706381992413215,-0.007885073206343924,0.0007126034052644509,0.9906591022707417,-0.018197852816365198,-0.0031429210499921935,0.8630210000270335
2024-03-06 03:07:21.445,-0.6301536725830871,1.5956131332774928,-9.863134657014283,-0.00785886813186991,0.0005424358852233921,0.9933714729515373,-0.013393397523736361,-0.0024991561981388263,0.8649155501610455
2024-03-06 03:07:21.496,-0.6581785062983597,1.6358388276511986,-9.94423152212444,-0.007704141394911237,0.0004421100198768063,0.9955987139857128,-0.009864967325761127,-0.007059366058129329,0.8557138343886399
2024-03-06 03:07:21.548,-0.7242141806078858,1.59910746705301,-9.818631782429087,-0.007835683333023235,0.000171385724095352,0.9973764907348319,-0.017993555743163164,0.0036722084724867435,0.8603399126356337
2024-03-06 03:07:21.600,-0.7458275426414751,1.5914695512829842,-9.703098894229118,-0.008033672595934745,7.681548832813567e-06,0.998697192537901,-0.014022411500292223,0.006860103673628722,0.8643953064462756
2024-03-06 03:07:21.654,-0.6531374102365152,1.6620743346719153,-9.795121942133438,-0.008177258490822608,-7.731095350210338e-05,0.9995522412197054,-0.01074116363373936,0.005065426779133571,0.8650205722631341
2024-03-06 03:07:21.722,-0.6488110591058024,1.6451009117065496,-9.919199062623873,-0.0081111774320262,-0.00015227497411919399,0.9999410431422644,-0.009908283115601223,-0.003136637211168392,0.8627007819089774
2024-03-06 03:07:21.790,-0.6402190470591453,1.606720027567147,-9.867781304515109,-0.007953048942763505,-0.00027976185994678615,0.99986681618833,-0.011877046173127823,-0.0067247125989639365,0.858600666372896
2024-03-06 03:07:21.844,-0.7072224513340323,1.522187164396471,-9.738952017681157,-0.007848039317177551,-0.0006956867915978994,0.9993260563592281,-0.023480560316416727,-0.004540849930585142,0.8642583668640745
2024-03-06 03:07:21.898,-0.6795682927169997,1.5895850783504182,-9.774416686505777,-0.00792633388714534,-0.0008699596138368937,0.998315537252678,-0.013731409858267322,0.0027988741669289635,0.8655040698472339
2024-03-06 03:07:21.954,-0.7090975761166994,1.691608213566226,-9.879997089617092,-0.008020744778845054,-0.0008929894544753001,0.9968394155379291,-0.007665844240201894,0.0033757184874982572,0.8645854829284767
2024-03-06 03:07:22.006,-0.6976762004019821,1.6765403696302708,-9.888408422182472,-0.007986624109363186,-0.0010612644674428714,0.9949115311762543,-0.013727398906838523,-0.0012695191874772874,0.8593113192738189
2024-03-06 03:07:22.059,-0.7167877063388722,1.5872965977041735,-9.752891401390116,-0.007869014029988033,-0.001360252576475884,0.9925084675142805,-0.01925396200488786,-0.004040828939888453,0.8646400323921564
2024-03-06 03:07:22.113,-0.643768734862371,1.6203014341784892,-9.777508584174386,-0.007779022169121173,-0.0015467703255047365,0.9896435085649911,-0.014672891063894602,-0.0032441449907471176,0.864079623933131
2024-03-06 03:07:22.165,-0.6835907736787298,1.6862043775651387,-9.831667690151324,-0.007719609150771711,-0.0015910342739016545,0.9863155734223295,-0.008889126844571998,-0.0025763689097241314,0.8643721782054317
2024-03-06 03:07:22.218,-0.7057734429888003,1.68911307245049,-9.899616143777573,-0.007683330367601169,-0.0017622039070857246,0.9825504616678477,-0.013748589321519874,-0.0007826007625516398,0.8592037354865335
2024-03-06 03:07:22.272,-0.7566802753746099,1.6161441617427839,-9.806050918895195,-0.007705402766854641,-0.0020799078604198944,0.9783137106591698,-0.019180886787958908,0.002627643364799335,0.8625351586580583
2024-03-06 03:07:22.340,-0.7009464448799672,1.658550349915337,-9.78973638333701,-0.007792327306821355,-0.002164021195320052,0.9736111438283004,-0.009544778152125264,0.0035868871452576236,0.8644904493454744
2024-03-06 03:07:22.393,-0.6806920410340707,1.6816162520438165,-9.823604951609063,-0.007701094506907274,-0.0021742174544499967,0.9684565960492107,-0.008134857196353982,-0.003846381385475906,0.8642801223337724
2024-03-06 03:07:22.446,-0.6549346895523656,1.6403458000555302,-9.819431136556913,-0.0076137893569212306,-0.0022862927724212334,0.9628880101207465,-0.012028215947157262,-0.0026118169596505824,0.8585562038339328
2024-03-06 03:07:22.501,-0.7490285461997094,1.5623106111978728,-9.782094602578482,-0.007481005940398134,-0.002626031788816112,0.9568573788944926,-0.021326155651881805,-0.0019607000671057694,0.8609778562033026
2024-03-06 03:07:22.554,-0.694573797706269,1.590685354429341,-9.869215168682883,-0.0073769339977645615,-0.002947554202999734,0.9503627502864316,-0.02034472651114637,-0.0009068947913850962,0.8635907302660338
2024-03-06 03:07:22.613,-0.6741903154680449,1.69080071036626,-9.871498771527374,-0.007446359891899457,-0.0030306544419013573,0.9434089710414088,-0.009231125517320313,0.003110009456834608,0.8655421143693031
2024-03-06 03:07:22.665,-0.6913090800454252,1.7320422215069147,-9.803243819656377,-0.0073280495004439256,-0.0030419343135950952,0.936056165275611,-0.008810117153927982,-0.004767688926720259,0.8608497433908826
2024-03-06 03:07:22.718,-0.6928410619521568,1.6664651944397715,-9.745784572293038,-0.007296665973657078,-0.0032421985564842753,0.9282709275529066,-0.014795106011014119,0.0011661746820864096,0.8605554858536346
2024-03-06 03:07:22.778,-0.7399269057332798,1.6324599196617902,-9.778796603233902,-0.007244430671506772,-0.0034711585354976486,0.9200380088660424,-0.016186264362456432,0.0009355204933240546,0.862376471868374
2024-03-06 03:07:22.830,-0.6709885100993197,1.6729965244207319,-9.915875358777452,-0.0071712066649165405,-0.0036838168925790522,0.9113552595280757,-0.015920297689816183,6.112825201052158e-05,0.8645377490012021
2024-03-06 03:07:22.882,-0.6675874293577309,1.6884177121247135,-9.904057434660448,-0.00706390083441215,-0.0038041061481945957,0.9022453745599106,-0.01306719536050281,-0.002490571550627257,0.8647247020488846
2024-03-06 03:07:22.936,-0.6659153765424302,1.6928756038316937,-9.761861061812459,-0.006878427558920769,-0.0037960560945942017,0.8927746246240754,-0.009644207742260658,-0.0073001358366350695,0.8594237199518202
2024-03-06 03:07:22.989,-0.7269597405277223,1.6444206388057652,-9.69874952487999,-0.006879008852628559,-0.004091657428231355,0.8828498138714368,-0.017429669998218624,0.00479451535556557,0.86274898228319
2024-03-06 03:07:23.044,-0.7419590958779083,1.6649936582756448,-9.828737470073987,-0.006845396677899826,-0.004293352783095845,0.8724931135056412,-0.014716792230898577,0.0020285953975634945,0.8645327688047172
2024-03-06 03:07:23.095,-0.654398380197289,1.712771423765139,-9.95756154150177,-0.006786689760901866,-0.004300728819647984,0.8617373272947794,-0.008331843758680898,-0.002356935403008697,0.8639715215701074
2024-03-06 03:07:23.149,-0.6549123407220194,1.6969798258077622,-9.847695098973391,-0.006603483124719868,-0.0042168609887698215,0.8506421464903681,-0.007551939802062103,-0.008333609139143047,0.8592849490508572
2024-03-06 03:07:23.203,-0.7106929599874737,1.6059360286195412,-9.709239196804166,-0.006478034207129726,-0.004555475140645246,0.8391020618286291,-0.02097720072679457,0.00237309319379245,0.8628919077835939
2024-03-06 03:07:23.256,-0.7394757178022884,1.6053031018278952,-9.756843189151024,-0.006350629102517757,-0.004929959829025259,0.8271452280783733,-0.022262327823360913,0.0032065289306252185,0.8647250836703047
2024-03-06 03:07:23.320,-0.6684970477075787,1.7070459322451217,-9.938487217889309,-0.006413180831469833,-0.0050560090516494635,0.8147873854673618,-0.009811771641053966,0.004326129049589793,0.8658080306529845
2024-03-06 03:07:23.376,-0.6740560856979709,1.7424772480816213,-9.89612899282707,-0.0062843099957177505,-0.004962232314937438,0.8021236033484191,-0.006812538433439568,-0.006793557531353584,0.8608693253444035
2024-03-06 03:07:23.430,-0.6521273472965745,1.6879360088289375,-9.722394406942543,-0.006073492635943975,-0.00503965176676306,0.789098152747693,-0.014294471175923463,-0.0053458839217037845,0.8601452145759859
2024-03-06 03:07:23.482,-0.7347789906151793,1.5956457761321825,-9.708405849403983,-0.0058973513739441746,-0.005232152276131215,0.775645833448704,-0.017196813546580182,-0.0013412204979014381,0.864006250581834
2024-03-06 03:07:23.537,-0.676847131264672,1.6751480890134791,-9.886994581449102,-0.005805721812552293,-0.005381483868352608,0.7618220254077772,-0.013771852511258571,0.0004122544537729557,0.8646058895518383
2024-03-06 03:07:23.593,-0.6894331112517149,1.7124358333328482,-9.970636937299293,-0.005693130699884321,-0.005350862172787582,0.7477240629312218,-0.008689299035272404,-0.004630950824860801,0.859760355120583
2024-03-06 03:07:23.648,-0.6984913710057177,1.6757155903973662,-9.785316419740079,-0.005526809561940437,-0.00561677719408557,0.7332505108242495,-0.019138385651230164,0.001558362981148449,0.8613952551121757
2024-03-06 03:07:23.703,-0.7411563577023574,1.6480091176475724,-9.691060246672413,-0.005438910938807227,-0.005748756379511289,0.7184072323872482,-0.013073050478366271,0.000491346052755673,0.8631534464431406
2024-03-06 03:07:23.761,-0.6486034789553122,1.7094963000302097,-9.798106365182042,0.005395215298175613,0.005857443755617982,-0.7031961465942224,-0.01121216861683311,0.0013003392379085299,0.8650325874962801
2024-03-06 03:07:23.816,-0.6776953012450037,1.7083092363329875,-9.935454645465885,0.005327171182789103,0.005764328449787447,-0.6878372439098898,-0.0060212521763851196,-0.004861485398216863,0.8551408185745846
2024-03-06 03:07:23.870,-0.7311183008078641,1.614103168417456,-9.867108982780428,0.005139407092670387,0.005934831127065154,-0.6720541540903513,-0.016891937229331938,-0.0005914775874134927,0.8609544431566087
2024-03-06 03:07:23.927,-0.6832025242333033,1.585443556907008,-9.750872480408757,0.004818689681410304,0.006173967225482846,-0.6559137331123528,-0.02266583998600632,-0.0021133204599777774,0.8633460786053329
2024-03-06 03:07:23.982,-0.6515554759727519,1.6591906108719099,-9.785538260766815,0.00468304417385208,0.006401470431455224,-0.6394235991635849,-0.01690024235571137,0.0026612134459898158,0.8656554992436509
2024-03-06 03:07:24.042,-0.6840588985830509,1.7328573382685666,-9.859979429413611,0.004603462356798657,0.006428409455851009,-0.6227412905160526,-0.009914943056450068,-0.001771459288757642,0.8602488480050895
2024-03-06 03:07:24.095,-0.7083597125589426,1.756595108111994,-9.815676323511179,0.004614065354787646,0.00648351696790464,-0.6057430475312577,-0.00788353806010672,0.0015467155351994435,0.8616495230778347
2024-03-06 03:07:24.151,-0.6989132048147046,1.6999981722795343,-9.784685728122508,0.004492965271225127,0.006555174531867412,-0.5884059956407712,-0.012448185393631132,-0.0010702821237293225,0.864480798269293
2024-03-06 03:07:24.209,-0.6385062794421611,1.647266748817075,-9.86663354262867,0.004283245396365572,0.006663729968888615,-0.5708008066660657,-0.016167353782049754,-0.0018947415875620493,0.8641251980328424
2024-03-06 03:07:24.261,-0.6696072481922156,1.6368004647299426,-9.855854043133037,0.004080653151117489,0.006750823864566886,-0.5530310219644419,-0.015401840668902676,-0.0022701443190547136,0.8592421262836876
2024-03-06 03:07:24.313,-0.7284268361751282,1.6363845244463433,-9.781469498896092,0.0037899616703354093,0.0069413992143048725,-0.5349203817161554,-0.020698960656642472,-0.0007410241312322273,0.8632436572287858
2024-03-06 03:07:24.367,-0.7010786082781767,1.6882176989697828,-9.768735246541446,0.003806595066316472,0.007028747917009865,-0.5165664970373576,-0.008184258293578165,0.0027644944441923454,0.8630535262614665
2024-03-06 03:07:24.436,-0.6662725008978531,1.760659434559167,-9.840227289263538,0.0037695358927865258,0.007118793811486836,-0.4979464836362848,-0.010076136858602352,0.0018545215611086591,0.8642239073333018
2024-03-06 03:07:24.495,-0.6652500106228976,1.6988658004979085,-9.884341336692303,0.003613952902408888,0.007120896830480056,-0.47916417061651484,-0.012301366880735838,-0.003454680792160747,0.8610278999273285
2024-03-06 03:07:24.550,-0.6730230554713161,1.6439215779863294,-9.818019903526627,0.0033949875395684185,0.007207148000873668,-0.4601519846749388,-0.016186314671367025,-0.0016505264429270885,0.8613409312299656
2024-03-06 03:07:24.616,-0.698760117218582,1.6166907665773955,-9.751760403309222,0.0030827747051933667,0.007337332070954702,-0.4408590079254788,-0.02033459607804028,-0.0017502202145221375,0.8643082415014338
2024-03-06 03:07:24.673,-0.668434138325843,1.690642269120779,-9.826019125872314,0.002953674898893699,0.007398794111753908,-0.4213529592449021,-0.012581379334539533,-0.0006723538148034154,0.8646847548776775
2024-03-06 03:07:24.726,-0.6746392493074743,1.7479252636952434,-9.876672920109408,0.002920970174179574,0.007328675692220286,-0.40174291502839277,-0.006779872194079142,-0.003545718540011161,0.8606814097272618
2024-03-06 03:07:24.780,-0.6913682932408686,1.7017191864664865,-9.824769011639786,0.0026714205735189974,0.00747131183556309,-0.3820082842346693,-0.018218602714796757,0.0006653030341181782,0.8579183094398082
2024-03-06 03:07:24.835,-0.759634404611327,1.6291208373520871,-9.769728222623339,0.002549905522032414,0.007565936643618675,-0.36199944958195845,-0.012801136054802313,0.0011068692299242178,0.8621844208814642
2024-03-06 03:07:24.891,-0.6515608863745768,1.6780946654427535,-9.815921540733427,0.0024422035449186558,0.007632088174876351,-0.3417454477773018,-0.011891552013935285,0.0004112767271300666,0.8654688409726825
2024-03-06 03:07:24.948,-0.6557801586973592,1.6768788471624059,-9.871136487063056,0.002302866624923055,0.007708160862166751,-0.32136037698318876,-0.013214044155763327,0.00047372327600695335,0.864235276686599
2024-03-06 03:07:25.003,-0.6767414436197713,1.683918760735675,-9.818912203642984,0.002206336704247048,0.007620325302935828,-0.300967245935303,-0.009326069981735456,-0.004949725735941032,0.8583224059989393
2024-03-06 03:07:25.058,-0.7033339120144682,1.6321635728326234,-9.771642928613545,0.0018620827500542769,0.007755050934005811,-0.2803495110421368,-0.021604969873709717,0.0004397037954442071,0.861797180682212
2024-03-06 03:07:25.112,-0.6987367904995788,1.6280971625512883,-9.825215580793103,0.001554500258787844,0.0077720496025058955,-0.25953184676374524,-0.018822093464190337,-0.0034643704457215114,0.8647127921435503
2024-03-06 03:07:25.198,-0.6372555307461581,1.7134130002147863,-9.873832293259495,0.0015303641928803911,0.007647463305969672,-0.23859599811264517,-0.006363411417824465,-0.005574430294838903,0.8646874995407203
2024-03-06 03:07:25.250,-0.6703671520797305,1.735110207469556,-9.813953563094483,0.001591209231763736,0.007669919665774398,-0.21770863487574227,-0.004565363518411999,0.0011366123048587638,0.8581365099405367
2024-03-06 03:07:25.306,-0.7859811128154637,1.6240798213257726,-9.745647015955301,0.0013210587928137328,0.00789924195524826,-0.19661023801178823,-0.01943794461913533,0.006154859943689199,0.8625360732449636
2024-03-06 03:07:25.361,-0.6799842519180879,1.6164912074421984,-9.862959568378573,0.0009521693730350955,0.008033818257588662,-0.1753675775753439,-0.022492888519503183,0.0017430084660009584,0.8646596120581646
2024-03-06 03:07:25.415,-0.621934480586873,1.6918266319826636,-9.897068697260224,0.000799376547269331,0.007974377198613792,-0.15404095328648618,-0.012504972055998653,-0.00401624751191733,0.864823603374713
2024-03-06 03:07:25.468,-0.6354998655403097,1.742902641288904,-9.795021545564664,0.0007741265617699449,0.007685490566892608,-0.13272589015922906,-0.005858493868715691,-0.012006016809861832,0.8615085322943371
2024-03-06 03:07:25.523,-0.6824916995879481,1.686696441824065,-9.723252806918794,0.0005719364102669223,0.007730573042998084,-0.1113235583870806,-0.01492490147996325,0.00024594381913603145,0.862466545106819
2024-03-06 03:07:25.592,-0.7591320248639832,1.6408542323079278,-9.789257497291889,0.0011499375653359158,0.00663173695990863,-0.09118968683290439,0.02242700197096726,-0.04083490184085347,0.8097660885260289
2024-03-06 03:07:25.646,-0.9325557934955271,1.5213373209459675,-9.933229250279542,0.0022474379467610365,0.0043766985034935325,-0.07422334325723824,0.048824144788178994,-0.08459695120185741,0.6815187074421781
2024-03-06 03:07:25.700,-1.8213935495437392,0.884940008277129,-9.734578061417228,0.0021423921893868126,0.002706717581252752,-0.060017782004319675,-0.0008680522799380923,-0.06583645307190532,0.5696541466010339
2024-03-06 03:07:25.753,-2.2125044718033373,0.5475942192810539,-9.68318377263623,0.000998254857401674,0.000759468174967628,-0.04901186710030318,-0.041371486663221255,-0.08007923353929633,0.4408655770917319
2024-03-06 03:07:25.815,-2.232271740123761,0.7751068925434244,-9.98199143532518,0.00039756300269513906,-0.0007545676035089027,-0.041832248205757566,-0.020819963419193076,-0.06154074878816181,0.2874932521957093
2024-03-06 03:07:25.872,-2.8009168404650326,1.213499508436327,-9.959342137047603,0.0002642609488472654,-0.0015030744848691352,-0.038462635908420736,-0.0038739120006789627,-0.030092700821695993,0.13490497264998427
2024-03-06 03:07:25.925,-3.13840386452284,1.42364392745696,-9.864377506931076,0.00014515221227243675,-0.0016462979961103397,-0.038707237979531704,-0.004556518299150695,-0.005909995284807798,-0.009783670874698513
2024-03-06 03:07:25.982,-3.121589034142866,1.4000537373100028,-9.698873111379772,0.00034702570046026715,-0.0021933638996205914,-0.0426558601255635,0.008571428622093234,-0.02162127939455246,-0.1580828503522824
2024-03-06 03:07:26.076,-2.991120945618331,1.2989941134595313,-9.720677793254549,0.0009822250060083726,-0.004211423264926895,-0.05093207173550952,0.02744610580203236,-0.07994460889280215,-0.3313970094987809
2024-03-06 03:07:26.155,-3.052407195165039,0.9616451696083846,-9.907057597059815,-0.00036710875216132665,-0.00653394626125029,-0.06274324992219033,-0.05226707878522528,-0.09549656242436526,-0.4730430671776304
2024-03-06 03:07:26.213,-3.2354262808740692,0.7722992083176415,-9.909202991640797,-0.0030778685898049675,-0.008623223430116367,-0.07833845722199308,-0.10846106250536214,-0.08858917579878735,-0.6249770694709179
2024-03-06 03:07:26.265,-3.5432822541730524,1.4046127706437825,-9.648551147360253,-0.0040186762326845475,-0.0098536776699476,-0.09732397843021194,-0.041366384116972056,-0.04947881876262006,-0.7622726228363698
2024-03-06 03:07:26.317,-3.7222000268337307,2.1317412064235643,-9.553969430502095,-0.0029609280374309002,-0.009758136137610892,-0.11882300945106407,0.03310449471094238,0.00974365447460664,-0.8653887062255032
2024-03-06 03:07:26.374,-3.4366797431383356,2.048808495058461,-9.731381483096206,-0.001751531071712155,-0.00772809818393584,-0.14052557708437818,0.03149305405005679,0.08717230957801408,-0.8756721908698649
2024-03-06 03:07:26.428,-2.54102036278505,1.4467276236665354,-10.010516074917913,-0.0026083514185642554,-0.005106729473165299,-0.16204577741117002,-0.05337147058237738,0.10067389863448774,-0.8701582761615172
2024-03-06 03:07:26.482,-1.4424616484292374,1.159366563891345,-9.764540569864614,-0.000536054397975055,-0.005493295637096435,-0.18375884859914177,0.07944094718881163,-0.002091307424451288,-0.8822625284815689
2024-03-06 03:07:26.537,-0.7432323003608293,0.9322912484203897,-9.516209144772342,-0.0007821768707622212,-0.00644856520377718,-0.2052670318848568,-0.008345018316596392,-0.03967255559817787,-0.8771055887502768
2024-03-06 03:07:26.613,-0.8729754008615898,0.31389551550739325,-9.73928226465043,-0.0035124944597637437,-0.0067769339320649866,-0.22649384794141905,-0.11056351018001752,-0.03342728724141582,-0.8690492386620807
2024-03-06 03:07:26.668,-0.9703115099241146,0.5054699046034691,-10.029514868273159,-0.0030780100708526306,-0.007057983278144503,-0.24742681894297897,0.012960887947863346,-0.005737023638543042,-0.8620216640233525
2024-03-06 03:07:26.721,-1.0625145359074313,1.195089895907245,-9.93315837663498,-0.0012894198862838644,-0.006749389988564558,-0.26777992824572494,0.06048165592667249,0.029368947784650365,-0.8430064805014696
2024-03-06 03:07:26.792,-0.8662387957534021,0.8674595966092875,-9.702811301831737,-0.0012238063349085547,-0.005814145989539823,-0.28823185981898763,-0.012541787515079762,0.0364790671323098,-0.8515433123360001
2024-03-06 03:07:26.848,-0.6220176171298153,0.3708817849029125,-9.674681449859632,-0.0018778592348010332,-0.005463762208793669,-0.30885592102859094,-0.034078844923591076,0.006126516015045616,-0.864203930351217
2024-03-06 03:07:26.906,-0.3209056762361997,0.4474730425783199,-9.76453554072295,-0.0027064199285275372,-0.005627062695613669,-0.3293578931378916,-0.0348505754750769,-0.015668172421660513,-0.8652105610022418
2024-03-06 03:07:26.958,-0.19286001582084147,0.7178247303384717,-9.83695788152064,-0.003082942587366504,-0.006201506404839432,-0.3494281591867793,-0.012508833686375453,-0.025853074305707963,-0.8535254471603293
2024-03-06 03:07:27.015,-0.046017094425045126,0.8018445017337151,-9.839008933129296,-0.0032765903377231205,-0.00650883761262058,-0.36907581394200695,-0.009054784312015706,-0.01349113838748155,-0.8421629096550459
2024-03-06 03:07:27.075,-0.09989090720709762,0.8387529533110553,-9.849826430584166,-0.002775944953366653,-0.006024906811085994,-0.38883891298614026,0.005812715451016587,0.02574709813731523,-0.8542415358083589
2024-03-06 03:07:27.128,-0.40079843444682645,0.9336987125048094,-9.89586198265761,-0.002395130861826729,-0.005541796253217173,-0.40865450982189655,0.0013027097703148937,0.023828325468730052,-0.8642942733063014
2024-03-06 03:07:27.179,0.005892407800524684,0.6573539671720449,-9.768759460927235,-0.0027545655453648232,-0.005559468148530608,-0.4282572308798375,-0.018182970348751003,-0.006254041074429206,-0.8632890250806273
2024-03-06 03:07:27.237,0.35531568050282103,0.7348199986379409,-9.676123695930178,-0.003358908347418841,-0.005587668740036975,-0.4477206934857072,-0.02697372920463922,-0.010755429346764347,-0.8659547629160844
2024-03-06 03:07:27.297,0.19356705260284274,0.8690849988969649,-9.792707115944415,-0.003594883446405152,-0.005541370336528173,-0.4667962752647426,-0.014894281343214629,-0.0018806868488717864,-0.8579409679316742
2024-03-06 03:07:27.353,0.28692779980290883,0.9488285883420539,-9.873763095995487,-0.002334013981933915,-0.005473484293434207,-0.48528712377665506,0.03834314001783529,0.025584558279123447,-0.841268024176638
2024-03-06 03:07:27.405,0.3109685230447029,1.0073522966122561,-9.967695261954836,-0.0027515371579084195,-0.005403523365422471,-0.5040404503142679,-0.021192613061317526,-0.005788630079284628,-0.8630734915908738
2024-03-06 03:07:27.459,0.4754493602105255,0.6348521030717927,-9.603860518152931,-0.0038262273158314163,-0.004791237760410468,-0.5226408621180404,-0.05472244399662157,0.0003124228812866401,-0.8667005779117375
2024-03-06 03:07:27.514,0.36690642595083667,0.8246170023405299,-9.814261178926266,-0.0046733696331166304,-0.004559114969779039,-0.5408967009200984,-0.03918422928055351,-0.008355458656495991,-0.862153399070713
2024-03-06 03:07:27.597,0.5652986023759202,1.267482623558851,-9.989868281890375,-0.004668746467580651,-0.005086718480139011,-0.5589413434730375,0.005701489432953273,-0.016571242189336012,-0.8643797163395127
2024-03-06 03:07:27.650,0.5337314222983061,1.5019538797441423,-9.84060223971427,-0.00425368216152616,-0.005823281226901217,-0.576708611137013,0.024014626524001863,-0.014848327836196558,-0.8636826247234658
2024-03-06 03:07:27.718,0.5187376970838545,1.2149691004646717,-9.673747799022927,-0.004240222474139212,-0.005891299151536373,-0.5941996257056994,-0.004254389366293344,-0.001787367763741441,-0.863058988515284
2024-03-06 03:07:27.774,0.5200443396835949,0.879464914460936,-9.770877195229067,-0.004301723597592077,-0.0049728496247763284,-0.611170840457327,-0.029380008573158294,0.0285760450944519,-0.8504108577819623
2024-03-06 03:07:27.830,0.5780446330501919,0.9210323710249263,-9.928129793764446,-0.004085291256777494,-0.00466730640998293,-0.6279071692007514,-0.005893508744457645,0.015345933820112524,-0.8527965332270897
2024-03-06 03:07:27.882,0.7415930548368527,1.1115039461881842,-9.887131765257829,-0.004531961245100233,-0.004434824293908381,-0.6445836866737673,-0.025182238160956077,-0.0032809064114083532,-0.8645983186659782
2024-03-06 03:07:27.934,0.7538231786678247,1.2346988655909503,-9.769826197753533,-0.005389046204077495,-0.003535846432066702,-0.6609777555727262,-0.054718622725057064,0.007043267022198317,-0.865388943360112
2024-03-06 03:07:27.992,0.6602658678441689,1.4398439743723324,-9.742753117456651,-0.006392728991951386,-0.002158980970142482,-0.6766156439362915,-0.07141813865478548,0.017676355559106433,-0.8410263461754304
2024-03-06 03:07:28.047,0.7874729236164185,2.115141197226754,-9.674077021537416,-0.005022388383510628,-0.0036027881621075323,-0.6919672488174111,0.07435246821889259,-0.004320747088012085,-0.8424948464799263
2024-03-06 03:07:28.098,0.9907971800717933,2.2382303125693035,-9.92991346267463,0.003225255953484609,0.005299799466198064,0.7069732976248875,0.0937654231635012,-0.0003333777067272395,-0.8405629127003151
2024-03-06 03:07:28.159,0.8408431564819757,1.3023779749206486,-9.995962577132422,0.0033661295751902043,0.004004694643179525,0.7215008358963937,-0.04493995827860528,0.0323247499913695,-0.829861545983228
2024-03-06 03:07:28.215,0.7836654722940278,0.6235934614173448,-9.79143409117764,0.0038541948041307026,0.00289531622032791,0.735772518777057,-0.04951762979778205,0.01716426156522255,-0.8332357383422728
2024-03-06 03:07:28.274,1.0076553023975152,0.9314442251309235,-9.654324508858332,0.004198920207114292,0.003357058571180459,0.7496465846971881,-0.00019095450157906156,-0.022298315643094705,-0.8290095087042213
2024-03-06 03:07:28.325,1.199764154210713,1.2918092628174718,-9.783788212599978,0.004900098326675412,0.003535515043538463,0.7631147058803965,-0.0181594911012952,-0.025211327689990896,-0.8237734447025582
2024-03-06 03:07:28.382,0.9410727627741071,1.3437255171313869,-9.95438377589586,0.005050774878964597,0.003783783105358406,0.7761813733005647,-0.0014713196080984035,-0.010656238826345824,-0.8188172471943742
2024-03-06 03:07:28.438,0.85298987565098,1.3503345950813366,-9.907834506314659,0.004511099795811151,0.005139180082657943,0.789062406384376,0.05009986289626539,-0.01831780668575919,-0.8283034540352261
2024-03-06 03:07:28.495,0.86360103423367,1.0028709297567444,-9.758824484702155,0.0048104975825224595,0.004383732014155976,0.801516960138314,-0.03653667906216618,0.008753307517839287,-0.8215526131702304
2024-03-06 03:07:28.551,0.6917944853482593,0.8221406622983759,-9.729966152246787,0.005487187153501783,0.002961874180522747,0.8137826797028961,-0.0668957476749106,0.013119882062234973,-0.8316562377242123
2024-03-06 03:07:28.607,0.7196063299664083,1.1758405273148167,-9.840087311487224,0.005421487503570699,0.0034998356579806727,0.8260150382765693,0.013531189404121086,-0.010049426324135205,-0.8549861748251524
2024-03-06 03:07:28.662,0.8437164290969605,1.5275566811623138,-9.880527291533639,0.005107837120065063,0.005117807860177912,0.8380819491760942,0.054332427707699256,-0.0272216647901452,-0.8709900360738092
2024-03-06 03:07:28.722,0.7933944834492345,1.140483053713445,-9.826445857855735,0.005862349893290543,0.00464363415890317,0.8495224479044075,-0.038716896120034865,-0.015472258810500092,-0.8527764734049482
2024-03-06 03:07:28.780,0.6746644532234528,0.7595220743812381,-9.747220951031645,0.006583916380718795,0.00295434163154352,0.8606115450659665,-0.07873831633728934,0.012013444407278607,-0.8549559935326528
2024-03-06 03:07:28.832,0.5540745506223271,1.2629082990732758,-9.79812406031012,0.006267819934532016,0.0021418036332017457,0.8712335758400511,-0.02702855211193935,0.028636337027311165,-0.8491804017237061
2024-03-06 03:07:28.892,0.6787348303566907,1.885721731305301,-9.883887968884515,0.005739286207590448,0.0029167829244857823,0.8815572940342453,0.031871023019031386,0.0034997038851090688,-0.8578419259874714
2024-03-06 03:07:28.950,0.8680521374725187,1.9280073597762963,-9.858578999724678,0.00585216624991708,0.003126118164758987,0.8915432810241938,-0.0004801478441490169,-0.007865720430476206,-0.8637907746179516
2024-03-06 03:07:29.007,0.7836419658588801,1.5714786898853135,-9.790968709309208,0.006184584178409652,0.0027652683773818246,0.9011044255157015,-0.02472555168061872,-0.004965463487456037,-0.8627647762776053
2024-03-06 03:07:29.060,0.7177597109291282,1.4634489900098195,-9.76728415290686,0.006669812372527078,0.002360277043527618,0.910197500688464,-0.02904186781149537,-0.009745812028267074,-0.8581352414363796
2024-03-06 03:07:29.114,0.8157160235896721,1.5583358663365905,-9.785108734815804,0.006790547209190862,0.002169486297809338,0.9189082476623693,-0.015039462150302116,-0.0004480550648612097,-0.8617899943243907
2024-03-06 03:07:29.173,0.6647028440843847,1.7840570970560312,-9.869971402577551,0.006322550218268441,0.0024801979184303287,0.9271250595567274,0.013006386819803538,0.01254589600664411,-0.8545265725898427
2024-03-06 03:07:29.227,0.7000649582913026,1.753164046060884,-9.889191291901511,0.006166525099965845,0.0024381801149371356,0.9349543919218465,-0.004911851367829047,0.0065202834972133295,-0.8585413113999689
2024-03-06 03:07:29.280,0.768065141427147,1.5507699068735676,-9.817597362494594,0.0064510637942984,0.001949593426269175,0.9423819191419097,-0.02810136424403838,-0.0032455939993250404,-0.8620519949717776
2024-03-06 03:07:29.333,0.7887036406925664,1.530258552596731,-9.747543840552925,0.006642276683415107,0.001671530372328446,0.9493567722316478,-0.018899891159854583,-0.0028687177045803166,-0.8602301926341017
2024-03-06 03:07:29.406,0.745226528198409,1.661369661120835,-9.781467077457513,0.0068718420155298165,0.001585990229194982,0.9558874005802453,-0.012163570224810585,-0.007016958158220077,-0.8596790598158611
2024-03-06 03:07:29.462,0.7789477350527099,1.6903002176384339,-9.845455082023323,0.006881343738921135,0.0016614125478104415,0.9619163430933307,-0.003234801468437151,-0.0008173364416750824,-0.8507640633671747
2024-03-06 03:07:29.516,0.7740890148615793,1.659746354308851,-9.845488330237655,0.006550835685583691,0.0017771873075707223,0.9674908460663704,0.002317028475875367,0.011581135839613909,-0.8474103560619005
2024-03-06 03:07:29.571,0.6910308518050485,1.6031442962024742,-9.866849609455718,0.006420276498284082,0.0014288314511458132,0.9726823533654296,-0.01778674037491481,0.008842097966524954,-0.8561933147257044
2024-03-06 03:07:29.655,0.7106838075608256,1.5303660272167368,-9.817995875405344,0.0066611325288028905,0.0008050576518046588,0.9774561140496384,-0.0322437916204079,-0.0028623758283778823,-0.8618368911636038
2024-03-06 03:07:29.713,0.7668791542078025,1.6650977335684147,-9.759888986354378,0.006919351503462751,0.0005587078709301933,0.9817909736079928,-0.017757367692490658,-0.007161498785925887,-0.8652564181093678
2024-03-06 03:07:29.766,0.7227344597194274,1.855594925922024,-9.809867851153705,0.007045553519230472,0.0009225682017830189,0.9856440463152356,0.0072361608143077134,-0.0072826367261284814,-0.8600356367475399
2024-03-06 03:07:29.820,0.7501094340352983,1.7916944074664127,-9.84952272630701,0.007145745606099024,0.0011553578712590006,0.9890370315508649,0.002287574027117195,-0.005397247512755155,-0.858724612498669
2024-03-06 03:07:29.916,0.7313434007358612,1.5675775311454627,-9.839206839167002,0.006809119312988442,0.0010017230683340476,0.9919688878381407,-0.00998220397556953,0.014299138431881317,-0.8558538510297604
2024-03-06 03:07:29.975,0.6236811105089852,1.4752820364764112,-9.830991549994268,0.006471547944100468,0.0004059784519594207,0.9944620529036794,-0.027505291357210374,0.016821923270400666,-0.8615747335028614
2024-03-06 03:07:30.026,0.7029848843442937,1.5418930294583137,-9.792297613427808,0.006543579790720566,-1.470744777288252e-05,0.9964971484854961,-0.022656373765131,-0.00043326963708675365,-0.8647561623717143
2024-03-06 03:07:30.079,0.7913273672545252,1.7314562333707997,-9.790311940660786,0.006744540608767763,-0.00014979020454615184,0.998062835650549,-0.011838475054972281,-0.00688348713723367,-0.8631688613419493
2024-03-06 03:07:30.135,0.7886361094408747,1.8088295662307108,-9.840050337982767,0.007105363959487128,-0.00022253767991976098,0.9991637472161727,-0.009908675157629198,-0.013587755178485705,-0.8643886442707694
2024-03-06 03:07:30.193,0.7576489846838189,1.7561520430596973,-9.844209810667952,0.007211915503954472,-1.1734664906509093e-05,0.9997960726392708,0.0020852165679616994,-0.004273415165432658,-0.8565209532874065
2024-03-06 03:07:30.248,0.6871817932848153,1.6618855439534759,-9.813455398672982,0.007142693658663146,-9.533762829052528e-05,0.9999710809679123,-0.009421105701879966,0.0030949432618364286,-0.8588902612283776
2024-03-06 03:07:30.329,0.6555555120614999,1.56221322978579,-9.813486504845496,0.006876401273036767,-0.0005300492511634468,0.9996822754266381,-0.023363094048612715,0.011113980179879803,-0.8653255985919448
2024-03-06 03:07:30.383,0.6291661403724242,1.5895191639983306,-9.825978985871254,0.0067068279742718215,-0.0008203909031596613,0.9989256543462729,-0.01758224661631443,0.007130748606003216,-0.8645227855895427
2024-03-06 03:07:30.440,0.7409992057565046,1.7269293190227866,-9.80029944347658,0.006731586877366549,-0.0007766224306507668,0.9976993026644053,-0.004053530758315851,-0.0004412957490509754,-0.8657509303959097
2024-03-06 03:07:30.492,0.7672754723260421,1.752001906882881,-9.833199436317038,0.006845133622643398,-0.000816036044782559,0.9960133787711595,-0.0071969593619497715,-0.004270306467227678,-0.8619187693422076
2024-03-06 03:07:30.545,0.7865541444725717,1.655450920175764,-9.839300809610318,0.007056376599705052,-0.0010818802792675031,0.9938682018932267,-0.015965554685272228,-0.008909183199089829,-0.860355526395753
2024-03-06 03:07:30.598,0.7554623779894726,1.5890222801453096,-9.793093428530018,0.006986587277349857,-0.00129833825559483,0.9912672659554232,-0.015001366289643684,0.0023312101915186883,-0.8596874782054021
2024-03-06 03:07:30.652,0.6336346607977825,1.660251131120317,-9.82419131227419,0.006729539861119806,-0.001449618569832209,0.9882016736043513,-0.013260630718158625,0.009934145781327886,-0.8617825680468004
2024-03-06 03:07:30.718,0.6643897625535001,1.7320626989610515,-9.821109566021162,0.006702422717357085,-0.00149808826013969,0.9846651086337633,-0.008000191833580342,0.0012324388176641302,-0.8642969937887315
2024-03-06 03:07:30.776,0.7372928185719683,1.722212508010829,-9.8119967613259,0.006713943366307768,-0.001614179528555218,0.9806729362249482,-0.010438813513596702,-0.0008373100234447321,-0.8633574724641601
2024-03-06 03:07:30.830,0.7343397825478307,1.682980267021811,-9.843520911392227,0.006776103427576485,-0.0018178263450341454,0.9762357158709117,-0.01352607367723366,-0.0035723276170954617,-0.8610535927968445
2024-03-06 03:07:30.883,0.7590879616667646,1.6236980372959748,-9.791926853928464,0.0068702012296061625,-0.0021032023014267943,0.9713321916552115,-0.016506910483969316,-0.005592663087110006,-0.863295958677749
2024-03-06 03:07:30.954,0.7028018023419269,1.658189229604182,-9.82890305921989,0.006759881184901177,-0.002220299294817582,0.9659745966864898,-0.011720772803214532,0.0037150532846532084,-0.8638128828799262
2024-03-06 03:07:31.011,0.6430641529883521,1.7078573935658419,-9.854733755261245,0.006607329366733617,-0.002193108320350843,0.9601682946959306,-0.006525079219379133,0.006595041841123627,-0.8636628545166818
2024-03-06 03:07:31.066,0.680693036385025,1.7187387331801696,-9.797462728181296,0.006443375645029396,-0.002167467158796413,0.9539310316147546,-0.006695459413577876,0.006889032115907086,-0.8614406692484393
2024-03-06 03:07:31.122,0.7341943972800726,1.6569474041421735,-9.78303598339219,0.006389870883361801,-0.0025803300080132177,0.9472680944301093,-0.022292298964656027,-0.0023807229557060196,-0.8590335376529032
2024-03-06 03:07:31.179,0.8142494595418941,1.6047558334259806,-9.820441528370122,0.006470550432889621,-0.0029084606385171964,0.9401255933415369,-0.017493846717837103,-0.006607068885101319,-0.8639773556376054
2024-03-06 03:07:31.234,0.6899498366402074,1.7233543792822645,-9.86802689426637,0.006522696937440349,-0.002910353454035254,0.9325511534575354,-0.0055063064702396075,-0.0014771685496610604,-0.8634182500563127
2024-03-06 03:07:31.291,0.6680710404095025,1.7435559873270285,-9.834100397732929,0.006452697666300375,-0.0028107316770170352,0.9246042257746226,-0.00331825634906181,0.004364482198398906,-0.8570220348666101
2024-03-06 03:07:31.348,0.72884845461578,1.6211696130413094,-9.762500135332804,0.006342340594808464,-0.0029838533781054435,0.9161886459367137,-0.014110745637965405,0.0018046943974016026,-0.8613102688865986
2024-03-06 03:07:31.401,0.6941315650234839,1.6108203845547144,-9.804621618207822,0.006126059610466931,-0.0032871367646429514,0.9073222858987792,-0.020561909543829235,0.0036111517500672266,-0.8637445943781858
2024-03-06 03:07:31.455,0.6738956319227095,1.6653229855639187,-9.886455438836265,0.006007589415702527,-0.003428235659129013,0.8980243825820142,-0.013066107361540619,0.0024972901109705957,-0.8645445277057889
2024-03-06 03:07:31.511,0.7012683812508477,1.7350225234533205,-9.83848115265133,0.005961317072428496,-0.0033852348710182853,0.8883612803758643,-0.005149232058699542,0.002841281600659377,-0.8598753660556511
2024-03-06 03:07:31.566,0.7468088488155032,1.707671408456525,-9.771820159291078,0.005972680932380058,-0.003582973211136075,0.8782957036389716,-0.012785108776019303,-0.0035923157730371807,-0.8590643277549068
2024-03-06 03:07:31.624,0.7776865160722986,1.6202488260970542,-9.752846791040911,0.005973056325707514,-0.0037910940592029378,0.8677970108066542,-0.01337981652302223,-0.0035193694084959285,-0.861308781018979
2024-03-06 03:07:31.683,0.6747210208808333,1.6783913498763379,-9.858291127930537,0.005903454931705827,-0.003966369026596723,0.8568639789498841,-0.013590590612055229,-0.0005619888731034461,-0.8638148345215462
2024-03-06 03:07:31.740,0.6564518314166522,1.6999171588609228,-9.913048888030001,0.005725782472265992,-0.0039865189050175545,0.8455216447545955,-0.010368827304186718,0.006140925706499346,-0.8646317054359816
2024-03-06 03:07:31.793,0.6514170901758861,1.7011075636777229,-9.812842867844752,0.005540236769513478,-0.0038468166760860984,0.8338542488496358,-0.00502706771977369,0.009574745590579628,-0.8596302743902412
2024-03-06 03:07:31.849,0.7282950489439093,1.6535941308054134,-9.718697708422706,0.0054291005374587685,-0.004161264971361356,0.8217584933087689,-0.01882300740194989,-0.0027639719132357757,-0.8624466453818833
2024-03-06 03:07:31.905,0.7958102712469594,1.615001789885488,-9.790922236314943,0.0053567550944523335,-0.004471071053463955,0.8092535118205522,-0.01783324917207774,-0.004080903269562715,-0.864283784644414
2024-03-06 03:07:31.959,0.683259602662884,1.7307219321217215,-9.898641607881782,0.005397436831076674,-0.004520211109794653,0.7963803550256833,-0.006696279059435908,-0.0019851187382008703,-0.8637420805153899
2024-03-06 03:07:32.014,0.6836741954391972,1.7496886646988599,-9.887184664377553,0.005441291657502719,-0.004411794569371092,0.7832376340279905,-0.0014851109250066886,0.0014809989936924366,-0.8572625990007511
2024-03-06 03:07:32.074,0.7304827510336225,1.6229188113763375,-9.74945072343388,0.005245799605127852,-0.004660923395024739,0.7696595788194809,-0.01870177045824041,0.00033011196026592115,-0.8618623148075915
2024-03-06 03:07:32.128,0.6831651869309837,1.5784152615823053,-9.775686358511445,0.004900472694131133,-0.0049568642812653765,0.7556819426042293,-0.023919559970051966,0.003732375546192787,-0.8644175368268088
2024-03-06 03:07:32.183,0.6525911095369173,1.6696685364906718,-9.850826950378554,0.004745582313563892,-0.005040765015713434,0.741323084288025,-0.012552859721594187,0.003156198784590985,-0.8661777945497972
2024-03-06 03:07:32.249,0.6946701517531856,1.7829981134897994,-9.863896199447376,0.004822884075662483,-0.0049144591678684825,0.7267174607942701,-8.916653232967183e-05,0.0015117904453185076,-0.8603869655578232
2024-03-06 03:07:32.305,0.7593295612830598,1.7527125525396874,-9.776571394312064,0.004853867255151106,-0.00506204021350338,0.7117267633384244,-0.009480782252243324,-0.004593263186169053,-0.8630609842766839
2024-03-06 03:07:32.359,0.7427094944548475,1.6293101402979184,-9.796299692605357,0.004741450941822508,-0.005302204009409766,0.6963607322698869,-0.01613592157085701,-0.003097603227737082,-0.8654712498606144
2024-03-06 03:07:32.415,0.6571631639238248,1.6125241576333231,-9.876398086830692,0.0044927916937541725,-0.0055382237109394975,0.6806489720353933,-0.019862003581462336,0.0007655736321081038,-0.8665365900643214
2024-03-06 03:07:32.469,0.6714298667568497,1.6791437886316951,-9.843283517279234,0.0043405706441133705,-0.005526334332620408,0.6646417126461196,-0.010191348745359808,0.005061885034264319,-0.865347107141151
2024-03-06 03:07:32.527,0.6662241128716341,1.7328919718251652,-9.766606988295022,0.00425130865668226,-0.005320638314942595,0.6484285467195468,-0.003043394008651535,0.008893210759071634,-0.8598947411023594
2024-03-06 03:07:32.579,0.7426592583354821,1.6914873977509726,-9.746384437134855,0.004181040818096375,-0.0055385311341309505,0.6318788487291948,-0.013756441196331312,-0.004396185862721047,-0.8616515944276203
2024-03-06 03:07:32.633,0.7730655696172323,1.6324033418180697,-9.85791263845419,0.0040551720549185455,-0.005756506483336492,0.6150065432906965,-0.01546967906049549,-0.0030841668015691684,-0.8631332649004709
2024-03-06 03:07:32.687,0.6800358864764402,1.6701882028210924,-9.937115007273047,0.003985856187411455,-0.005895944991210249,0.5978079530617352,-0.011754780341818344,-0.002208304391931887,-0.8651530719340527
2024-03-06 03:07:32.765,0.6768136778683425,1.689460071583778,-9.817242714875025,0.0038773455754309172,-0.005884576744972805,0.5803744946897667,-0.009274860458570709,0.003378481026516089,-0.8629945723769816
2024-03-06 03:07:32.821,0.6732329770248553,1.668150562256874,-9.710906264133547,0.0036477187248640333,-0.0059632288820880164,0.5627048837306362,-0.015307122652090182,0.003256098895528914,-0.8613024577587816
2024-03-06 03:07:32.879,0.7404266999692081,1.6283316928475011,-9.754004611210679,0.0034188780848320435,-0.0061656522609744415,0.5447219594119338,-0.01818130614862939,-0.0009213530709868495,-0.8637617131707253
2024-03-06 03:07:32.934,0.6968125995714752,1.7084305061679745,-9.898914764779944,0.003382619646008277,-0.006245367553290045,0.5264583503394337,-0.009072474365253918,-0.0013286954526936531,-0.8650792038006831
2024-03-06 03:07:32.989,0.686336491486839,1.7478312816103962,-9.932388824828129,0.0033196550341402413,-0.0059769086658426895,0.5079643773597441,-0.002387841257450777,0.010800020395549646,-0.864434699830564
2024-03-06 03:07:33.047,0.6224225474348758,1.7417618992460362,-9.778409918119287,0.0032279602718272397,-0.0057733449253257445,0.48924806009281735,-0.004732949224019591,0.009070266576490054,-0.863727498686342
2024-03-06 03:07:33.101,0.7479921857674127,1.5521561106108486,-9.690873795901831,0.0030805097399314563,-0.0060371405334174195,0.47040574853126244,-0.016121178751233308,-0.006025286817855089,-0.8589710280252434
2024-03-06 03:07:33.157,0.8618246107217342,1.5196791244636891,-9.790729545683408,0.0027035702761282303,-0.006358218498454877,0.45131208008237467,-0.025263393346967592,-0.003656283958061736,-0.8604539606653736
2024-03-06 03:07:33.211,0.6701595326390712,1.6672164923250292,-9.963464170567065,0.0027889610700065092,-0.006213659724326003,0.4319899293335535,-0.00020032582380072886,0.003953482653664935,-0.8615188587557816
2024-03-06 03:07:33.263,0.6337274758190836,1.891617806188289,-9.996592337427467,0.0035176577556741114,-0.0062338807168624425,0.4124316255306604,0.019770145368366434,-0.013669014778407583,-0.8631654633516129
2024-03-06 03:07:33.317,0.813375845902792,1.9077492204539384,-9.940469537895224,-0.009166147968254042,-0.006160225993665631,0.3938708778860582,-0.462405760664364,0.2207154962162948,-0.8050124626101991
2024-03-06 03:07:33.375,1.017186186507814,1.4101776323103725,-8.890548589715754,-0.008076240054628144,-0.0011439790046054877,0.3749429898020534,0.12092182958759015,0.17369589164822533,-0.8195485848354811
2024-03-06 03:07:33.429,2.5744322977996923,5.354969857164227,-9.709312678151813,0.0022961796604155115,-0.000883841936159181,0.35391988333922425,0.38700135924934354,-0.147522940235218,-0.9025245085563307
2024-03-06 03:07:33.487,2.0176161519266445,3.7823065657656314,-10.314419561964089,-0.0007008426278364397,-0.002729478442873301,0.3340017681956099,-0.14019060005194195,-0.025223078063266437,-0.8483206243347603
2024-03-06 03:07:33.555,1.2191490797078208,1.2254390458135016,-10.304763423704603,-0.006156712809864012,-0.004420421114541727,0.31350320778258467,-0.23005507034269565,0.015457551218603578,-0.8656654531690964
2024-03-06 03:07:33.610,1.1639301170497798,2.488103833148912,-9.70070995880644,-0.0018090122929502247,-0.004341944476401073,0.291403764508509,0.16285946956428216,-0.0486466310531309,-0.928208556419101
2024-03-06 03:07:33.665,1.3148847808510775,3.3068125442742,-9.266693077421424,0.000537667462056424,-0.004047595254859523,0.26838963168929314,0.08936831466838985,-0.01540669478273422,-0.959298642603261
2024-03-06 03:07:33.718,1.3102729298882938,1.7668281308298608,-9.705881406553136,-0.0017577114816630746,-0.004356568515147609,0.2458128467981575,-0.09521240024383754,0.015450803629488237,-0.9340607746558444
2024-03-06 03:07:33.772,0.9864904536530253,1.2168701962311124,-10.161294491751102,-0.002428766556941735,-0.004506346240791041,0.22374117882640365,-0.03088033464377314,0.003973505423653488,-0.9081364545175025
2024-03-06 03:07:33.826,0.9127373053463151,1.828802320885759,-9.970823574334382,-0.0009904580046006773,-0.0046323806631371305,0.20191455409212403,0.05112915151323884,-0.0159544042184353,-0.8938154233870871
2024-03-06 03:07:33.882,0.9838569820376988,1.6973410356131915,-9.569093316771314,-0.0008168407315119714,-0.004709913701281335,0.18038303831680483,0.002289612658059406,-0.0028605429671997146,-0.8774832034010854
2024-03-06 03:07:33.938,1.0089610544200858,1.118373781349917,-9.625760101793551,-0.0018280227005591,-0.004443079738173147,0.15992518282936793,-0.04119087492966429,0.019987304948791543,-0.8302107949154462
2024-03-06 03:07:33.994,1.058774717154437,1.123786872004852,-9.94303505206966,-0.002131451001592441,-0.004434683992882742,0.14049019448718247,-0.01507939079004044,0.004515613733543034,-0.7862656010454948
2024-03-06 03:07:34.047,1.1956076035499685,1.3103259425129528,-9.949261129449757,-0.0013792627031096833,-0.004601628211193853,0.12235987604596262,0.02567299820063492,-0.009337372393161824,-0.7317052939448342
2024-03-06 03:07:34.102,1.232538971482322,1.233108826183638,-9.774377012165983,-0.0011817664353476426,-0.0045707781659465934,0.10571595679863112,0.005058149407844531,0.0014435515372880129,-0.6701657207499166
2024-03-06 03:07:34.156,1.1100907632013512,0.9286816285571428,-9.725450448693733,-0.0019607991427910043,-0.004369974701805154,0.09068367837325578,-0.03262656469154619,0.012757163465912769,-0.6040472040221598
2024-03-06 03:07:34.211,1.4797720820937528,0.7321392565834317,-9.77899190156852,-0.0021433570732169232,-0.00425051084189422,0.07747807057367416,-0.008970790858813565,0.006771027269996004,-0.5300570889679859
2024-03-06 03:07:34.265,1.4134941766148406,0.9188733340240642,-9.880594067359066,-0.0018563495271113875,-0.004252640336238131,0.06593442384034032,0.009548779052820134,4.5971855205704055e-05,-0.46298573310260005
2024-03-06 03:07:34.317,1.559227363187265,0.8073654399014661,-9.895447171602578,-0.001920841632154829,-0.004220639816486571,0.05581160628600003,-0.00414217154663105,0.0023461174670943493,-0.4056488560773957
2024-03-06 03:07:34.377,1.6531092842960977,0.6117174344159764,-9.797598421873971,-0.0024991263822061825,-0.003818890121451328,0.04670537050701346,-0.023533537003370984,0.018329660858834657,-0.36458782666131095
2024-03-06 03:07:34.428,1.7389177333705088,0.6173614264834367,-9.74604459754352,-0.0026951581254004947,-0.003575904296746366,0.03825641052965228,-0.00854025777290989,0.011047095567071313,-0.3382054062359488
2024-03-06 03:07:34.481,1.8847848790473967,0.7100410567716753,-9.787057899739638,-0.002190556410488421,-0.003493597318466708,0.030321179418971344,0.019216025458472303,0.0032597946528120352,-0.31766089977746226
2024-03-06 03:07:34.537,1.8516977718690537,0.6050835017959973,-9.884471908111063,-0.003969818552507968,-0.0027847780378357227,0.023748702627920615,-0.07097499266255702,0.031564468538835905,-0.2626232220834079
2024-03-06 03:07:34.589,1.7180773661267519,0.7622432532958632,-9.842064602351474,-0.003283467298866756,-0.0026037319396203453,0.01813439737980489,0.027053393045551256,0.007340823388995014,-0.2246746786029853
2024-03-06 03:07:34.646,1.684979315908677,0.9351569947851759,-9.78893842619298,-0.0014435202668535974,-0.0025859793192152666,0.013062975148646891,0.0730801465035627,-0.000320916223729244,-0.20307225068153278
2024-03-06 03:07:34.699,1.6996308237489575,0.4017120909529583,-9.779244569371015,-0.0019373560761388113,-0.0024148901531436695,0.008677049638662117,-0.020080751500234608,0.007447245159623122,-0.17538186965628738
2024-03-06 03:07:34.756,1.6040882381531407,-0.1553067136130832,-9.859106128276872,-0.003089416947225519,-0.0019279804474951058,0.005036634678496508,-0.04618774409442496,0.020327860537518967,-0.14544639181391844
2024-03-06 03:07:34.811,1.4281764646647501,0.09295673948638726,-9.866359733804737,-0.005419996452346264,-0.0010814805747528559,0.0025890722580671393,-0.09315490564617586,0.03485873695688053,-0.09753562170932219
2024-03-06 03:07:34.863,1.5484972819934026,0.7913232870795879,-9.721669092955883,-0.006353408864590563,-0.0006687226929812544,0.0013640575824958685,-0.03732601011418468,0.016917748717962356,-0.048853779960815955
2024-03-06 03:07:34.918,1.7090422686551179,1.5186689480188151,-9.749766348639426,-0.0018165560432242445,-0.0008971808463406873,0.0004699301105403553,0.18143106550434446,-0.009320875751000528,-0.03590289519290297
2024-03-06 03:07:34.974,1.3410528135544681,0.8035107134105205,-9.909539478471025,0.0006115213264560257,-0.0009035059820619698,0.00021551051107525555,0.09711376797896071,-0.0003050233173292327,-0.01026367739229793
2024-03-06 03:07:35.027,1.1223197381586705,-1.0945349179010087,-9.848015473923843,0.000564973845056467,-0.0008805104397223951,0.0002493472322356147,-0.00186050917755727,0.0009209884994384148,0.001354630250717494
2024-03-06 03:07:35.081,0.9634151189735429,-1.9586366136647133,-9.776061774623441,0.0003314726228059505,-0.0008240319870255528,0.00024526052412119514,-0.009339618870619763,0.0022614152644726674,-0.0001559940930633284
2024-03-06 03:07:35.134,0.7817005716574106,-1.8057561785973932,-9.738432525973712,0.00024203584700887415,-0.000790536905335303,0.00024456505730192907,-0.0035771636989002176,0.001340674891163076,-2.5195441824626166e-05
2024-03-06 03:07:35.192,0.7593769917933023,-1.5306544810874587,-9.840941054850823,0.0002992674788131965,-0.0007937650291405916,0.00024805995714744796,0.0022893439874424977,-0.00012964364130693207,0.00013802505121328048
2024-03-06 03:07:35.246,0.7133267131823465,-1.4285636387236924,-9.873925518644787,0.0002876930214254744,-0.0007859769564173936,0.0002482948422213839,-0.000462893569569689,0.00031164063476928094,9.673178839430473e-06
2024-03-06 03:07:35.296,0.6523217579644084,-1.4008368515012046,-9.794122260529328,0.00029203672838602556,-0.0007809018782596089,0.00025026675881296013,0.00017386018720052704,0.00020298301236650656,7.868076451151e-05
2024-03-06 03:07:35.350,0.6127881060799645,-1.284571093960548,-9.783380945257445,0.00030010567282138,-0.0007764624617189089,0.00025248965065912066,0.0003228711318873761,0.00017752251660296407,8.86103010823631e-05
2024-03-06 03:07:35.404,0.5714509364739082,-1.2056761314259072,-9.808804001427252,0.0002952739728465608,-0.0007702405326998111,0.00025403221342944194,-0.00019315763210890803,0.00024894426570559616,6.177900632730453e-05
2024-03-06 03:07:35.460,0.5327027212662261,-1.1324344945567109,-9.815386775336485,0.0002938993414911994,-0.0007669084953655,0.0002546395529064778,-5.493277821675728e-05,0.00013330263826461734,2.429672184746558e-05
2024-03-06 03:07:35.518,0.49800598898594695,-1.0548513114476419,-9.811115916476668,0.0002903268066134867,-0.0007618153738315759,0.0002553105290801113,-0.00014282907578559248,0.0002037691125440876,2.6889433779761737e-05
2024-03-06 03:07:35.578,0.464051727399567,-0.9875974207022522,-9.808203577791916,0.0002879314285267542,-0.0007579590151253472,0.0002558248085705402,-9.576015430836453e-05,0.00015428478401509991,2.0599715073648972e-05
2024-03-06 03:07:35.631,0.43298111976400283,-0.9230436609823007,-9.808642603232737,0.00028448553604816306,-0.0007532920443110285,0.0002564289179305609,-0.00013776973987759876,0.00018672103330075253,2.4215687292760218e-05
2024-03-06 03:07:35.687,0.4036696988976052,-0.8637452728105626,-9.80940423879808,0.0002810582699359256,-0.0007488391028890016,0.00025703625776974255,-0.0001370267766036742,0.00017815970033763017,2.4346749958356342e-05
2024-03-06 03:07:35.739,0.3764639953620138,-0.8077987842748519,-9.809624403444264,0.0002775155197762477,-0.0007444531584206431,0.0002576152213663997,-0.0001416476685977117,0.00017548069138536467,2.3215924549668358e-05
2024-03-06 03:07:35.795,0.3509193695877792,-0.7556270332662587,-9.80954151573906,0.0002739727695558321,-0.0007401925931415726,0.0002581567865132154,-0.0001416500661066021,0.0001704651122765158,2.172136230323903e-05
2024-03-06 03:07:35.849,0.32710113056734424,-0.706821710525167,-9.809391572811668,0.0002714656497501828,-0.0007372721419873072,0.00025850553845001035,-0.00010024434555715133,0.00011684776342011903,1.3992562183545196e-05
2024-03-06 03:07:35.904,0.30482726004329486,-0.6611579831512112,-9.809488989148345,0.00026771055791267564,-0.0007330801452666388,0.0002589441051349214,-0.0001501474592898454,0.00016772345348574336,1.760847147566266e-05
2024-03-06 03:07:35.957,0.28389222095394206,-0.6186607349182502,-9.809493645760998,0.00026393311428361794,-0.0007289582304924344,0.0002593486203211658,-0.00015104324746635148,0.0001649200461948187,1.624781175951977e-05
2024-03-06 03:07:36.011,0.26445625025102054,-0.5787184943774313,-9.809504262837844,0.0002608858273684743,-0.0007257151926266305,0.0002596708587571895,-0.00012184847129861514,0.00012975653587256572,1.2944512493913474e-05
2024-03-06 03:07:36.064,0.24626361695402815,-0.5414427466564066,-9.809594321726532,0.000257827349187582,-0.0007224921933010387,0.00025998237148100337,-0.00012229663932943226,0.00012895499917544984,1.2516017426664932e-05
2024-03-06 03:07:36.118,0.22920666599921885,-0.5065980650610279,-9.809467568730147,0.0002547092818885041,-0.0007192908322466949,0.000260259091499041,-0.0001246814289598242,0.0001280897327368115,1.1126260023891133e-05
2024-03-06 03:07:36.185,0.21328030712688748,-0.47403577559085136,-9.809633996066328,0.0002523660747797088,-0.0007169341802086096,0.00026043589785831655,-9.369867287873051e-05,9.429229368604334e-05,7.115857075504597e-06
2024-03-06 03:07:36.243,0.19841095421560231,-0.44348759914946967,-9.809581562607866,0.0002500228825573057,-0.0007146042880549488,0.00026058335397847055,-9.369919472660622e-05,9.322160432187755e-05,5.942115322237971e-06
2024-03-06 03:07:36.297,0.18448109618990133,-0.41507465423195866,-9.80959301787499,0.0002413652938011112,-0.0007108382129620634,0.00026122173220453763,-0.000346246080155257,0.00015073949064474079,2.5746183073223845e-05
2024-03-06 03:07:36.355,0.17101328764420218,-0.3904595174468724,-9.809517487617775,0.00019134209722418018,-0.0006995957071291968,0.0002602059552196055,-0.0020008383839227677,0.00045021547700217795,-3.9294951141285084e-05
2024-03-06 03:07:36.413,0.1578396722443185,-0.37563977492262746,-9.809314645570659,0.00023427234207680096,-0.0007051271719859696,0.00026191414291720544,0.0017171999890780196,-0.00022168977597458636,6.717812847408311e-05
