Timestamp,X,Y,Z
2024-03-06 14:09:13.753,1.247744876309298e-05,-0.0004716701805591583,0.9362474083900452
2024-03-06 14:09:13.808,1.2517171853687614e-05,-0.0004706401377916336,0.9362455010414124
2024-03-06 14:09:13.861,1.2554392924357671e-05,-0.0004696361720561981,0.9362437129020691
2024-03-06 14:09:13.915,1.2588790923473425e-05,-0.0004686787724494934,0.9362418055534363
2024-03-06 14:09:13.968,1.2629562661459204e-05,-0.0004681851714849472,0.936240017414093
2024-03-06 14:09:14.019,1.266111485165311e-05,-0.0004686769098043442,0.9362381100654602
2024-03-06 14:09:14.072,1.2689620234596077e-05,-0.00046940334141254425,0.9362363219261169
2024-03-06 14:09:14.140,1.2716843230009545e-05,-0.00047021545469760895,0.9362344145774841
2024-03-06 14:09:14.195,1.2741073078359477e-05,-0.00047105737030506134,0.9362325668334961
2024-03-06 14:09:14.251,1.2764188795699738e-05,-0.0004719141870737076,0.9362307190895081
2024-03-06 14:09:14.308,1.2785399121639784e-05,-0.0004727710038423538,0.9362288117408752
2024-03-06 14:09:14.361,1.2804806829080917e-05,-0.0004736371338367462,0.936227023601532
2024-03-06 14:09:14.418,1.2831480489694513e-05,-0.0004746634513139725,0.9362249374389648
2024-03-06 14:09:14.471,1.2848218830185942e-05,-0.000476861372590065,0.936223030090332
2024-03-06 14:09:14.520,1.286440237890929e-05,-0.00047934800386428833,0.9362212419509888
2024-03-06 14:09:14.571,1.287940722249914e-05,-0.0004819445312023163,0.936219334602356
2024-03-06 14:09:14.621,1.2893702660221606e-05,-0.000484611839056015,0.9362175464630127
2024-03-06 14:09:14.678,1.2909215001855046e-05,-0.00048733316361904144,0.9362156391143799
2024-03-06 14:09:14.735,1.2941651220899075e-05,-0.0004901010543107986,0.9362137317657471
2024-03-06 14:09:14.787,1.2445029824448284e-05,-0.0020583514124155045,0.9364653825759888
2024-03-06 14:09:14.840,1.2936068742419593e-05,0.0029859282076358795,0.9365065693855286
2024-03-06 14:09:14.894,1.3674934962182306e-05,0.010738328099250793,0.9361835718154907
2024-03-06 14:09:14.949,1.8340288079343736e-05,0.01750137470662594,0.9360886812210083
2024-03-06 14:09:15.006,3.360042319400236e-05,0.035029999911785126,0.936697244644165
2024-03-06 14:09:15.056,3.966878284700215e-05,0.07292118668556213,0.9372435808181763
2024-03-06 14:09:15.144,4.202335185254924e-05,0.12139689922332764,0.9365625381469727
2024-03-06 14:09:15.201,4.0511655242880806e-05,0.16561296582221985,0.9355389475822449
2024-03-06 14:09:15.251,4.0080409235088155e-05,0.20709513127803802,0.9357814788818359
2024-03-06 14:09:15.302,3.871415538014844e-05,0.25733041763305664,0.936958372592926
2024-03-06 14:09:15.354,4.44341785623692e-05,0.3203315734863281,0.9373146891593933
2024-03-06 14:09:15.410,5.186238922760822e-05,0.3933669626712799,0.9365137219429016
2024-03-06 14:09:15.463,5.1695624279091135e-05,0.47415149211883545,0.935872495174408
2024-03-06 14:09:15.517,4.99445159221068e-05,0.5601786971092224,0.9361960887908936
2024-03-06 14:09:15.573,4.663831350626424e-05,0.6471866369247437,0.9366198182106018
2024-03-06 14:09:15.625,4.258601620676927e-05,0.7339907884597778,0.9365147948265076
2024-03-06 14:09:15.680,4.1516406781738624e-05,0.8270288705825806,0.9363945126533508
2024-03-06 14:09:15.737,4.4715157855534926e-05,0.9353553056716919,0.9367833137512207
2024-03-06 14:09:15.792,4.050715870107524e-05,1.057879090309143,0.9369070529937744
2024-03-06 14:09:15.853,3.4430613595759496e-05,1.1836328506469727,0.9363166093826294
2024-03-06 14:09:15.904,2.6786361559061334e-05,1.306514859199524,0.9358553886413574
2024-03-06 14:09:15.955,1.881831485661678e-05,1.4299777746200562,0.9362276196479797
2024-03-06 14:09:16.014,1.176335626951186e-05,1.559187889099121,0.9368991851806641
2024-03-06 14:09:16.071,4.834142600884661e-06,1.6963437795639038,0.9369337558746338
2024-03-06 14:09:16.121,2.348946964048082e-06,1.843140959739685,0.9365604519844055
2024-03-06 14:09:16.175,-5.873886948393192e-06,2.000124931335449,0.9363763332366943
2024-03-06 14:09:16.227,-1.7451377061661333e-05,2.1611640453338623,0.9363584518432617
2024-03-06 14:09:16.284,-2.843950096576009e-05,2.319662570953369,0.9363781809806824
2024-03-06 14:09:16.338,-4.097410783288069e-05,2.480743169784546,0.936577320098877
2024-03-06 14:09:16.389,-4.916438047075644e-05,2.6545746326446533,0.9369595646858215
2024-03-06 14:09:16.445,-5.6525841500842944e-05,2.844507932662964,0.9371100664138794
2024-03-06 14:09:16.528,-7.356913556577638e-05,3.0442376136779785,0.9366171360015869
2024-03-06 14:09:16.583,-9.23906554817222e-05,3.246065855026245,0.9361269474029541
2024-03-06 14:09:16.636,-0.00011264916247455403,3.448019504547119,0.9362521171569824
2024-03-06 14:09:16.710,-0.00013375595153775066,3.651315450668335,0.9366738200187683
2024-03-06 14:09:16.762,-0.0001535793417133391,3.8576676845550537,0.9368423223495483
2024-03-06 14:09:16.816,-0.00017503237177152187,4.070854187011719,0.9367213249206543
2024-03-06 14:09:16.870,-0.00019099591008853167,4.295302867889404,0.9367796778678894
2024-03-06 14:09:16.922,-0.00021507946075871587,4.532504558563232,0.93692946434021
2024-03-06 14:09:16.980,-0.00024363398551940918,4.776698112487793,0.9366599321365356
2024-03-06 14:09:17.036,-0.00027226004749536514,5.0194902420043945,0.9362205862998962
2024-03-06 14:09:17.087,-0.00029796132002957165,5.2633442878723145,0.9364405870437622
2024-03-06 14:09:17.142,-0.0003182187210768461,5.521461486816406,0.9372726678848267
2024-03-06 14:09:17.194,-0.0003502622712403536,5.797575950622559,0.9374166131019592
2024-03-06 14:09:17.249,-0.00038699290598742664,6.078438758850098,0.9364103078842163
2024-03-06 14:09:17.301,-0.00043766561429947615,6.354092121124268,0.935754656791687
2024-03-06 14:09:17.353,-0.00047991808969527483,6.630366325378418,0.9364941120147705
2024-03-06 14:09:17.411,-0.0005232746480032802,6.916866779327393,0.9375045299530029
2024-03-06 14:09:17.461,-0.0005512749776244164,7.2121500968933105,0.9400713443756104
2024-03-06 14:09:17.515,-0.0007913298904895782,7.51464319229126,0.9473854899406433
2024-03-06 14:09:17.570,-0.001094351289793849,7.832032203674316,0.9407984018325806
2024-03-06 14:09:17.620,-0.0012476301053538918,8.151959419250488,0.9313236474990845
2024-03-06 14:09:17.672,-0.0014652806567028165,8.46521282196045,0.9335077404975891
2024-03-06 14:09:17.722,-0.00166406505741179,8.781182289123535,0.9418282508850098
2024-03-06 14:09:17.778,-0.001870861859060824,9.110026359558105,0.942879319190979
2024-03-06 14:09:17.835,-0.0019634398631751537,9.448188781738281,0.9380267858505249
2024-03-06 14:09:17.886,-0.0015106592327356339,9.787260055541992,0.942969560623169
2024-03-06 14:09:17.941,-0.0019694429356604815,10.114949226379395,0.941913902759552
2024-03-06 14:09:17.995,-0.00240063457749784,10.444411277770996,0.9364956617355347
2024-03-06 14:09:18.050,-0.0028863237239420414,10.783201217651367,0.935946524143219
2024-03-06 14:09:18.102,-0.0034404401667416096,11.123004913330078,0.9398841261863708
2024-03-06 14:09:18.152,-0.00401549506932497,11.455711364746094,0.9412766098976135
2024-03-06 14:09:18.208,-0.0045533692464232445,11.78327465057373,0.9386872053146362
2024-03-06 14:09:18.262,-0.005036121234297752,12.113128662109375,0.937053382396698
2024-03-06 14:09:18.317,-0.005493105389177799,12.448237419128418,0.9386840462684631
2024-03-06 14:09:18.370,-0.005967203993350267,12.78390884399414,0.9403432011604309
2024-03-06 14:09:18.422,-0.006487793754786253,13.116305351257324,0.9394946098327637
2024-03-06 14:09:18.478,-0.007042733021080494,13.44705867767334,0.9379982948303223
2024-03-06 14:09:18.536,-0.00759591581299901,13.779511451721191,0.9383348822593689
2024-03-06 14:09:18.588,-0.00810980424284935,14.114278793334961,0.9396476149559021
2024-03-06 14:09:18.649,-0.008584581315517426,14.44918155670166,0.9397357106208801
2024-03-06 14:09:18.706,-0.009055114351212978,14.782804489135742,0.9387185573577881
2024-03-06 14:09:18.755,-0.009558548219501972,15.115806579589844,0.9383657574653625
2024-03-06 14:09:18.813,-0.01010224036872387,15.44922161102295,0.9391219615936279
2024-03-06 14:09:18.868,-0.010659019462764263,15.783027648925781,0.9396482706069946
2024-03-06 14:09:18.923,-0.01118860486894846,16.116640090942383,0.9392189979553223
2024-03-06 14:09:18.981,-0.011679278686642647,16.44983673095703,0.9386812448501587
2024-03-06 14:09:19.038,-0.012153181247413158,16.782947540283203,0.938878059387207
2024-03-06 14:09:19.104,-0.012647376395761967,17.1162052154541,0.9393789172172546
2024-03-06 14:09:19.155,-0.013176976703107357,17.44950294494629,0.9393850564956665
2024-03-06 14:09:19.212,-0.013728554360568523,17.782859802246094,0.9390047788619995
2024-03-06 14:09:19.268,-0.014270329847931862,18.11635398864746,0.938910961151123
2024-03-06 14:09:19.319,-0.014780943281948566,18.449878692626953,0.9391834735870361
2024-03-06 14:09:19.375,-0.01526679378002882,18.783315658569336,0.939333438873291
2024-03-06 14:09:19.426,-0.015758968889713287,19.116661071777344,0.9391781091690063
2024-03-06 14:09:19.485,-0.016278529539704323,19.449996948242188,0.9390302300453186
2024-03-06 14:09:19.537,-0.016822421923279762,19.783416748046875,0.9391173720359802
2024-03-06 14:09:19.589,-0.017369020730257034,20.116979598999023,0.939281702041626
2024-03-06 14:09:19.645,-0.01789328269660473,20.45063591003418,0.9392778873443604
2024-03-06 14:09:19.729,-0.01839270070195198,20.784273147583008,0.9391419291496277
2024-03-06 14:09:19.783,-0.018888523802161217,21.117816925048828,0.9391093850135803
2024-03-06 14:09:19.837,-0.019401537254452705,21.451297760009766,0.9392247796058655
2024-03-06 14:09:19.888,-0.019938303157687187,21.7847957611084,0.939292848110199
2024-03-06 14:09:19.944,-0.020484624430537224,22.118406295776367,0.9392408728599548
2024-03-06 14:09:19.997,-0.02102033793926239,22.452144622802734,0.939194917678833
2024-03-06 14:09:20.049,-0.02153378538787365,22.785934448242188,0.939223051071167
2024-03-06 14:09:20.109,-0.022034993395209312,23.119705200195312,0.9392624497413635
2024-03-06 14:09:20.176,-0.022546766325831413,23.453397750854492,0.9392465353012085
2024-03-06 14:09:20.228,-0.02307729981839657,23.78703498840332,0.9392152428627014
2024-03-06 14:09:20.286,-0.023622628301382065,24.120670318603516,0.9392234086990356
2024-03-06 14:09:20.341,-0.024166136980056763,24.454248428344727,0.9392497539520264
2024-03-06 14:09:20.393,-0.024690859019756317,24.787799835205078,0.9392482042312622
2024-03-06 14:09:20.449,-0.025201132521033287,25.12151527404785,0.9392262101173401
2024-03-06 14:09:20.502,-0.02571357786655426,25.455394744873047,0.9392180442810059
2024-03-06 14:09:20.553,-0.02624008059501648,25.78922462463379,0.9392207264900208
2024-03-06 14:09:20.604,-0.026781026273965836,26.122865676879883,0.9392270445823669
2024-03-06 14:09:20.654,-0.02732430398464203,26.456405639648438,0.9392378926277161
2024-03-06 14:09:20.714,-0.027860499918460846,26.789958953857422,0.9392333626747131
2024-03-06 14:09:20.768,-0.028380442410707474,27.123687744140625,0.9392220973968506
2024-03-06 14:09:20.820,-0.028895948082208633,27.45757293701172,0.9392173886299133
2024-03-06 14:09:20.871,-0.02942122519016266,27.791406631469727,0.9392115473747253
2024-03-06 14:09:20.923,-0.02995901368558407,28.125083923339844,0.9392105340957642
2024-03-06 14:09:20.980,-0.030505260452628136,28.458650588989258,0.9392236471176147
2024-03-06 14:09:21.033,-0.031047459691762924,28.792133331298828,0.9392293095588684
2024-03-06 14:09:21.085,-0.03157562017440796,29.125709533691406,0.9392213225364685
2024-03-06 14:09:21.138,-0.03209467604756355,29.459535598754883,0.9392122030258179
2024-03-06 14:09:21.197,-0.03261947259306908,29.793460845947266,0.9392063617706299
2024-03-06 14:09:21.249,-0.03315615653991699,30.12725067138672,0.9391995072364807
2024-03-06 14:09:21.301,-0.03369974344968796,30.460844039916992,0.939203679561615
2024-03-06 14:09:21.355,-0.034246258437633514,30.79432487487793,0.9392197132110596
2024-03-06 14:09:21.413,-0.03478113189339638,31.12784767150879,0.939224362373352
2024-03-06 14:09:21.495,-0.03530792146921158,31.46161651611328,0.9392125010490417
2024-03-06 14:09:21.547,-0.0358339287340641,31.795551300048828,0.9392008781433105
2024-03-06 14:09:21.603,-0.03640986979007721,32.129146575927734,0.9393832087516785
2024-03-06 14:09:21.655,-0.03722040355205536,32.461307525634766,0.9417707324028015
2024-03-06 14:09:21.713,-0.037829138338565826,32.795265197753906,0.9408584833145142
2024-03-06 14:09:21.770,-0.038438089191913605,33.13022994995117,0.9386516213417053
2024-03-06 14:09:21.821,-0.03904947265982628,33.464447021484375,0.9386517405509949
2024-03-06 14:09:21.880,-0.03966301679611206,33.79744338989258,0.9403644800186157
2024-03-06 14:09:21.940,-0.04028158262372017,34.13022994995117,0.9408993124961853
2024-03-06 14:09:21.992,-0.0408916249871254,34.46356201171875,0.939713716506958
2024-03-06 14:09:22.047,-0.041500724852085114,34.79725646972656,0.9388359785079956
2024-03-06 14:09:22.102,-0.04210951179265976,35.130924224853516,0.9394859075546265
2024-03-06 14:09:22.155,-0.04272324591875076,35.46443176269531,0.9403637051582336
2024-03-06 14:09:22.207,-0.043340228497982025,35.797847747802734,0.9401389360427856
2024-03-06 14:09:22.262,-0.043955955654382706,36.13125991821289,0.9393964409828186
2024-03-06 14:09:22.318,-0.0445711724460125,36.4647331237793,0.939346969127655
2024-03-06 14:09:22.373,-0.04518480598926544,36.798309326171875,0.9399409294128418
2024-03-06 14:09:22.422,-0.045801080763339996,37.13189697265625,0.9401693940162659
2024-03-06 14:09:22.481,-0.04641620069742203,37.46538543701172,0.9397691488265991
2024-03-06 14:09:22.539,-0.047031253576278687,37.79896926879883,0.9394916892051697
2024-03-06 14:09:22.593,-0.04764752835035324,38.1328010559082,0.9397398233413696
2024-03-06 14:09:22.648,-0.04826483130455017,38.466697692871094,0.9400191903114319
2024-03-06 14:09:22.704,-0.04887931048870087,38.80038070678711,0.9399063587188721
2024-03-06 14:09:22.754,-0.04949304834008217,39.13386154174805,0.9396796226501465
2024-03-06 14:09:22.807,-0.05010763183236122,39.46741485595703,0.9397062659263611
2024-03-06 14:09:22.856,-0.05072345212101936,39.801170349121094,0.9398859143257141
2024-03-06 14:09:22.914,-0.0513436384499073,40.135040283203125,0.9399132132530212
2024-03-06 14:09:22.972,-0.05196626856923103,40.46880340576172,0.9397726655006409
2024-03-06 14:09:23.025,-0.052589189261198044,40.802459716796875,0.9397053718566895
2024-03-06 14:09:23.081,-0.053209707140922546,41.13607406616211,0.9397960305213928
2024-03-06 14:09:23.136,-0.053832922130823135,41.46955871582031,0.9398793578147888
2024-03-06 14:09:23.189,-0.05445660278201103,41.80295944213867,0.9398292899131775
2024-03-06 14:09:23.257,-0.05507903918623924,42.136566162109375,0.9397503137588501
2024-03-06 14:09:23.311,-0.055703308433294296,42.4704704284668,0.9397680759429932
2024-03-06 14:09:23.360,-0.05632777884602547,42.804378509521484,0.9398205876350403
2024-03-06 14:09:23.417,-0.056949153542518616,43.13808059692383,0.9398168921470642
2024-03-06 14:09:23.470,-0.05756962671875954,43.47160720825195,0.9397810101509094
2024-03-06 14:09:23.521,-0.058191925287246704,43.80516052246094,0.9397749900817871
2024-03-06 14:09:23.574,-0.05881353095173836,44.138885498046875,0.9397976398468018
2024-03-06 14:09:23.626,-0.059439487755298615,44.47272491455078,0.9398068189620972
2024-03-06 14:09:23.683,-0.060068465769290924,44.80649948120117,0.939782440662384
2024-03-06 14:09:23.738,-0.060696352273225784,45.140167236328125,0.939765214920044
2024-03-06 14:09:23.788,-0.061325639486312866,45.47372055053711,0.9397820830345154
2024-03-06 14:09:23.843,-0.06195515766739845,45.80710220336914,0.9398066401481628
2024-03-06 14:09:23.895,-0.06258567422628403,46.140506744384766,0.9397991895675659
2024-03-06 14:09:23.948,-0.06321480125188828,46.47422409057617,0.9397782683372498
2024-03-06 14:09:24.003,-0.06383966654539108,46.808204650878906,0.9397730231285095
2024-03-06 14:09:24.056,-0.06446356326341629,47.1421012878418,0.9397767186164856
2024-03-06 14:09:24.113,-0.06508848071098328,47.475772857666016,0.9397985339164734
2024-03-06 14:09:24.169,-0.06571639329195023,47.80929946899414,0.939821183681488
2024-03-06 14:09:24.219,-0.06634891778230667,48.14286422729492,0.9398161172866821
2024-03-06 14:09:24.275,-0.06697827577590942,48.476585388183594,0.9398021697998047
2024-03-06 14:09:24.334,-0.06760960072278976,48.81034469604492,0.9398053288459778
2024-03-06 14:09:24.387,-0.06824314594268799,49.143978118896484,0.9398151636123657
2024-03-06 14:09:24.440,-0.06887682527303696,49.47754669189453,0.9398208856582642
2024-03-06 14:09:24.492,-0.06951102614402771,49.81106948852539,0.9398260116577148
2024-03-06 14:09:24.554,-0.07014617323875427,50.14447784423828,0.9398319125175476
2024-03-06 14:09:24.610,-0.07078171521425247,50.47794723510742,0.9398345351219177
2024-03-06 14:09:24.663,-0.07141481339931488,50.81169128417969,0.9398375749588013
2024-03-06 14:09:24.718,-0.07204750925302505,51.1456184387207,0.9398369193077087
2024-03-06 14:09:24.775,-0.07268045842647552,51.47944641113281,0.939828634262085
2024-03-06 14:09:24.829,-0.07331589609384537,51.81306838989258,0.9398307800292969
2024-03-06 14:09:24.884,-0.0739554837346077,52.1466064453125,0.9398558735847473
2024-03-06 14:09:24.941,-0.07459385693073273,52.480194091796875,0.9398629665374756
2024-03-06 14:09:24.994,-0.07522974908351898,52.813880920410156,0.9398457407951355
2024-03-06 14:09:25.050,-0.07586362957954407,53.14754104614258,0.9398384094238281
2024-03-06 14:09:25.103,-0.07649845629930496,53.48112487792969,0.9398474097251892
2024-03-06 14:09:25.155,-0.07713491469621658,53.81470489501953,0.9398648738861084
2024-03-06 14:09:25.214,-0.0777745470404625,54.14828109741211,0.9398776292800903
2024-03-06 14:09:25.270,-0.07841946929693222,54.48176574707031,0.939871072769165
2024-03-06 14:09:25.320,-0.07906240969896317,54.81529235839844,0.939862072467804
2024-03-06 14:09:25.374,-0.0797022208571434,55.149024963378906,0.9398707747459412
2024-03-06 14:09:25.430,-0.08034379035234451,55.48289108276367,0.9398775100708008
2024-03-06 14:09:25.483,-0.08098506927490234,55.81666564941406,0.9398670196533203
2024-03-06 14:09:25.535,-0.08162859082221985,56.150238037109375,0.9398621916770935
2024-03-06 14:09:25.588,-0.08227593451738358,56.4837532043457,0.9398813843727112
2024-03-06 14:09:25.642,-0.08291801065206528,56.8173828125,0.9398895502090454
2024-03-06 14:09:25.695,-0.08355909585952759,57.151145935058594,0.9398760795593262
2024-03-06 14:09:25.749,-0.08419919013977051,57.484893798828125,0.9398635029792786
2024-03-06 14:09:25.802,-0.08484155684709549,57.818504333496094,0.9398649334907532
2024-03-06 14:09:25.853,-0.08548462390899658,58.15208053588867,0.9398813247680664
2024-03-06 14:09:25.907,-0.0861317440867424,58.485652923583984,0.9398943185806274
2024-03-06 14:09:25.958,-0.08678074926137924,58.81913375854492,0.93988037109375
2024-03-06 14:09:26.012,-0.08742749691009521,59.152679443359375,0.9398618936538696
2024-03-06 14:09:26.069,-0.08806349337100983,59.486358642578125,0.9397922158241272
2024-03-06 14:09:26.120,-0.08870939910411835,59.81981658935547,0.9395613074302673
2024-03-06 14:09:26.171,-0.0893569141626358,60.15304183959961,0.9395742416381836
2024-03-06 14:09:26.238,-0.09000952541828156,60.486263275146484,0.9398011565208435
2024-03-06 14:09:26.288,-0.09066328406333923,60.81971740722656,0.939892590045929
2024-03-06 14:09:26.347,-0.09131461381912231,61.15342330932617,0.9397653341293335
2024-03-06 14:09:26.402,-0.09196565300226212,61.487159729003906,0.9396728277206421
2024-03-06 14:09:26.454,-0.09261652827262878,61.82072067260742,0.9397493600845337
2024-03-06 14:09:26.511,-0.09326663613319397,62.154090881347656,0.9398546814918518
2024-03-06 14:09:26.561,-0.09392128139734268,62.487430572509766,0.9398548603057861
2024-03-06 14:09:26.615,-0.09458260983228683,62.82087326049805,0.9397802352905273
2024-03-06 14:09:26.669,-0.09524274617433548,63.154232025146484,0.9396474361419678
2024-03-06 14:09:26.722,-0.09590020030736923,63.48754119873047,0.9396579265594482
2024-03-06 14:09:26.778,-0.09655579924583435,63.8209228515625,0.9397693872451782
2024-03-06 14:09:26.836,-0.09721148759126663,64.15438079833984,0.9398136734962463
2024-03-06 14:09:26.888,-0.09787033498287201,64.48778533935547,0.9397640228271484
2024-03-06 14:09:26.943,-0.09853528439998627,64.82113647460938,0.9397343993186951
2024-03-06 14:09:26.999,-0.09919707477092743,65.15451049804688,0.9397939443588257
2024-03-06 14:09:27.051,-0.09985845535993576,65.48802947998047,0.9398524165153503
2024-03-06 14:09:27.106,-0.10051673650741577,65.8216323852539,0.9398227334022522
2024-03-06 14:09:27.158,-0.10117632895708084,66.15506744384766,0.9396815299987793
2024-03-06 14:09:27.212,-0.10183350741863251,66.48820495605469,0.9396214485168457
2024-03-06 14:09:27.297,-0.10248852521181107,66.82132720947266,0.9397693872451782
2024-03-06 14:09:27.351,-0.10315455496311188,67.15478515625,0.9397724270820618
2024-03-06 14:09:27.405,-0.10381864011287689,67.48834991455078,0.9395065307617188
2024-03-06 14:09:27.456,-0.10447970032691956,67.82178497314453,0.9394084215164185
2024-03-06 14:09:27.512,-0.10513672977685928,68.1551284790039,0.939612865447998
2024-03-06 14:09:27.573,-0.10579510033130646,68.48851013183594,0.9397827386856079
2024-03-06 14:09:27.626,-0.1064617931842804,68.82198333740234,0.9397129416465759
2024-03-06 14:09:27.684,-0.1071375161409378,69.15548706054688,0.9395905137062073
2024-03-06 14:09:27.737,-0.10780993849039078,69.48896789550781,0.9396350383758545
2024-03-06 14:09:27.820,-0.10847953706979752,69.82241821289062,0.9397575259208679
2024-03-06 14:09:27.875,-0.10914751142263412,70.15575408935547,0.9397581815719604
2024-03-06 14:09:27.931,-0.10981440544128418,70.48910522460938,0.9396761655807495
2024-03-06 14:09:28.004,-0.11048361659049988,70.82261657714844,0.9396893382072449
2024-03-06 14:09:28.066,-0.111154705286026,71.15615844726562,0.9397898316383362
2024-03-06 14:09:28.139,-0.11182954162359238,71.48951721191406,0.939821183681488
2024-03-06 14:09:28.190,-0.11250007152557373,71.82286071777344,0.9397658705711365
2024-03-06 14:09:28.244,-0.11316707730293274,72.1565170288086,0.9397366046905518
2024-03-06 14:09:28.334,-0.11383384466171265,72.49038696289062,0.9397732615470886
2024-03-06 14:09:28.387,-0.1145046278834343,72.82412719726562,0.939802348613739
2024-03-06 14:09:28.441,-0.11517824977636337,73.1575698852539,0.9398083686828613
2024-03-06 14:09:28.494,-0.11585360020399094,73.49080657958984,0.9397589564323425
2024-03-06 14:09:28.551,-0.11652621626853943,73.82405853271484,0.9396560192108154
2024-03-06 14:09:28.605,-0.11719803512096405,74.15771484375,0.9397071599960327
2024-03-06 14:09:28.657,-0.11786709725856781,74.49165344238281,0.9397948980331421
2024-03-06 14:09:28.714,-0.11853942275047302,74.82533264160156,0.939685046672821
2024-03-06 14:09:28.772,-0.1213189885020256,75.1584243774414,0.9396981000900269
2024-03-06 14:09:28.839,-0.1324971616268158,75.4931640625,0.93973708152771
2024-03-06 14:09:28.889,-0.1529683917760849,75.82909393310547,0.9395327568054199
2024-03-06 14:09:28.956,-0.18448777496814728,76.1605224609375,0.9398395419120789
2024-03-06 14:09:29.016,-0.22674423456192017,76.48269653320312,0.9406521916389465
2024-03-06 14:09:29.070,-0.27922821044921875,76.79936981201172,0.9413903951644897
2024-03-06 14:09:29.122,-0.34167665243148804,77.1182632446289,0.9417431354522705
2024-03-06 14:09:29.178,-0.4102644920349121,77.44044494628906,0.9410769939422607
2024-03-06 14:09:29.238,-0.48354098200798035,77.75933837890625,0.940159797668457
2024-03-06 14:09:29.294,-0.5622450709342957,78.07210540771484,0.9404252767562866
2024-03-06 14:09:29.350,-0.6470963954925537,78.38024139404297,0.9414433836936951
2024-03-06 14:09:29.401,-0.7400203943252563,78.68588256835938,0.9421874284744263
2024-03-06 14:09:29.453,-0.8419540524482727,78.99260711669922,0.9422578811645508
2024-03-06 14:09:29.509,-0.9517422914505005,79.30106353759766,0.9418456554412842
2024-03-06 14:09:29.562,-1.067167043685913,79.60697937011719,0.9413856267929077
2024-03-06 14:09:29.616,-1.1876020431518555,79.90767669677734,0.9412608742713928
2024-03-06 14:09:29.671,-1.3135583400726318,80.20413970947266,0.9413101673126221
2024-03-06 14:09:29.740,-1.4468380212783813,80.49791717529297,0.9417511820793152
2024-03-06 14:09:29.796,-1.5882424116134644,80.79003143310547,0.9422985911369324
2024-03-06 14:09:29.849,-1.7370874881744385,81.0790023803711,0.9424136281013489
2024-03-06 14:09:29.903,-1.8915680646896362,81.36418151855469,0.9420689344406128
2024-03-06 14:09:29.956,-2.0517218112945557,81.6461181640625,0.9416567087173462
2024-03-06 14:09:30.012,-2.2171926498413086,81.92547607421875,0.9412356615066528
2024-03-06 14:09:30.076,-2.3889658451080322,82.20011901855469,0.9414351582527161
2024-03-06 14:09:30.130,-2.567690372467041,82.46929168701172,0.9422423839569092
2024-03-06 14:09:30.199,-2.7521722316741943,82.73472595214844,0.9424532651901245
2024-03-06 14:09:30.253,-2.942784547805786,82.99625396728516,0.9420116543769836
2024-03-06 14:09:30.307,-3.138974905014038,83.25395202636719,0.9416598081588745
2024-03-06 14:09:30.361,-3.3400018215179443,83.50800323486328,0.9414991140365601
2024-03-06 14:09:30.420,-3.5464587211608887,83.75763702392578,0.9416490197181702
2024-03-06 14:09:30.484,-3.759528160095215,84.0022201538086,0.9419993162155151
2024-03-06 14:09:30.536,-3.978492498397827,84.24263763427734,0.9420433044433594
2024-03-06 14:09:30.589,-4.202365875244141,84.47760772705078,0.941765308380127
2024-03-06 14:09:30.647,-4.430065631866455,84.70604705810547,0.9417658448219299
2024-03-06 14:09:30.717,-4.66163444519043,84.92945861816406,0.9418968558311462
2024-03-06 14:09:30.771,-4.897201061248779,85.15097045898438,0.9419174790382385
2024-03-06 14:09:30.823,-5.13630485534668,85.37567901611328,0.9413281083106995
2024-03-06 14:09:30.881,-5.3756279945373535,85.60653686523438,0.9398804306983948
2024-03-06 14:09:30.937,-5.610847473144531,85.84249877929688,0.9391554594039917
2024-03-06 14:09:30.990,-5.8357439041137695,86.08558654785156,0.9406468868255615
2024-03-06 14:09:31.048,-6.04578971862793,86.3358154296875,0.9422129392623901
2024-03-06 14:09:31.116,-6.242517948150635,86.59013366699219,0.94182288646698
2024-03-06 14:09:31.169,-6.430863857269287,86.84687805175781,0.9407728314399719
2024-03-06 14:09:31.222,-6.614034175872803,87.1087417602539,0.9412894248962402
2024-03-06 14:09:31.279,-6.792403697967529,87.3762435913086,0.9425449967384338
2024-03-06 14:09:31.337,-6.964974403381348,87.64781188964844,0.9424315094947815
2024-03-06 14:09:31.388,-7.131597518920898,87.92334747314453,0.9413230419158936
2024-03-06 14:09:31.445,-7.292881488800049,88.20353698730469,0.941043496131897
2024-03-06 14:09:31.505,-7.448298931121826,88.48741149902344,0.9419323205947876
2024-03-06 14:09:31.558,-7.597654819488525,88.7734603881836,0.9426107406616211
2024-03-06 14:09:31.617,-7.741199493408203,89.06299591064453,0.9421868920326233
2024-03-06 14:09:31.672,-7.878268241882324,89.35707092285156,0.9415066242218018
2024-03-06 14:09:31.743,-8.00855541229248,89.65422821044922,0.9417354464530945
2024-03-06 14:09:31.799,-8.131852149963379,89.95350646972656,0.9423509836196899
2024-03-06 14:09:31.852,-8.248875617980957,90.25459289550781,0.94217848777771
2024-03-06 14:09:31.907,-8.3602876663208,90.55750274658203,0.9416612982749939
2024-03-06 14:09:31.962,-8.46462631225586,90.86354064941406,0.9418073892593384
2024-03-06 14:09:32.017,-8.562522888183594,91.17330169677734,0.9422027468681335
2024-03-06 14:09:32.073,-8.653525352478027,91.48514556884766,0.9421727657318115
2024-03-06 14:09:32.124,-8.737176895141602,91.7975845336914,0.9417123198509216
2024-03-06 14:09:32.184,-8.814973831176758,92.11077880859375,0.9413822293281555
2024-03-06 14:09:32.238,-8.885419845581055,92.4256591796875,0.9417734146118164
2024-03-06 14:09:32.318,-8.94792652130127,92.7432861328125,0.9425134062767029
2024-03-06 14:09:32.374,-9.004130363464355,93.06375122070312,0.9424154758453369
2024-03-06 14:09:32.427,-9.053221702575684,93.3853530883789,0.9418056011199951
2024-03-06 14:09:32.488,-9.094985961914062,93.70639038085938,0.9415991902351379
2024-03-06 14:09:32.546,-9.130678176879883,94.02713775634766,0.9418706893920898
2024-03-06 14:09:32.631,-9.159210205078125,94.34874725341797,0.9421746730804443
2024-03-06 14:09:32.688,-9.1796293258667,94.6720199584961,0.942255437374115
2024-03-06 14:09:32.744,-9.1931734085083,94.99649047851562,0.9420766830444336
2024-03-06 14:09:32.796,-9.199532508850098,95.32086181640625,0.9418805241584778
2024-03-06 14:09:32.851,-9.198847770690918,95.64479064941406,0.9419299960136414
2024-03-06 14:09:32.906,-9.191595077514648,95.96805572509766,0.9419832825660706
2024-03-06 14:09:32.961,-9.179021835327148,96.29069519042969,0.9420448541641235
2024-03-06 14:09:33.016,-9.166130065917969,96.61653900146484,0.9416136145591736
2024-03-06 14:09:33.069,-9.157296180725098,96.94781494140625,0.9398761987686157
2024-03-06 14:09:33.123,-9.154711723327637,97.28275299072266,0.9389017820358276
2024-03-06 14:09:33.184,-9.156302452087402,97.61849212646484,0.9400564432144165
2024-03-06 14:09:33.237,-9.160677909851074,97.95375061035156,0.9409974813461304
2024-03-06 14:09:33.288,-9.166748046875,98.28816223144531,0.9401472210884094
2024-03-06 14:09:33.343,-9.169759750366211,98.62088012695312,0.938946008682251
2024-03-06 14:09:33.396,-9.171053886413574,98.95282745361328,0.9396693706512451
2024-03-06 14:09:33.449,-9.171537399291992,99.28572845458984,0.94080650806427
2024-03-06 14:09:33.503,-9.172497749328613,99.61986541748047,0.9403198957443237
2024-03-06 14:09:33.555,-9.175070762634277,99.95388793945312,0.9392733573913574
2024-03-06 14:09:33.613,-9.178823471069336,100.2872314453125,0.9391660690307617
2024-03-06 14:09:33.670,-9.182209968566895,100.6201171875,0.9399822950363159
2024-03-06 14:09:33.722,-9.184024810791016,100.95307159423828,0.9405496716499329
2024-03-06 14:09:33.776,-9.18435287475586,101.28671264648438,0.9400346279144287
2024-03-06 14:09:33.828,-9.184748649597168,101.62064361572266,0.9393768310546875
2024-03-06 14:09:33.882,-9.186739921569824,101.95397186279297,0.9393422603607178
2024-03-06 14:09:33.936,-9.190070152282715,102.28694152832031,0.9399241805076599
2024-03-06 14:09:33.986,-9.193748474121094,102.6202621459961,0.940137505531311
2024-03-06 14:09:34.041,-9.195980072021484,102.95369720458984,0.93990159034729
2024-03-06 14:09:34.095,-9.196785926818848,103.28691864013672,0.9396416544914246
2024-03-06 14:09:34.149,-9.197014808654785,103.62007141113281,0.9396383166313171
2024-03-06 14:09:34.205,-9.19858455657959,103.9530029296875,0.9397469162940979
2024-03-06 14:09:34.258,-9.201390266418457,104.28591918945312,0.9397733211517334
2024-03-06 14:09:34.310,-9.205001831054688,104.61956024169922,0.9397609829902649
2024-03-06 14:09:34.363,-9.207658767700195,104.95335388183594,0.9398237466812134
2024-03-06 14:09:34.418,-9.209198951721191,105.28657531738281,0.939935564994812
2024-03-06 14:09:34.472,-9.210099220275879,105.61959838867188,0.9398769736289978
2024-03-06 14:09:34.523,-9.211285591125488,105.95281219482422,0.9396693110466003
2024-03-06 14:09:34.579,-9.213583946228027,106.2858657836914,0.9395701885223389
2024-03-06 14:09:34.637,-9.216888427734375,106.61902618408203,0.9397798776626587
2024-03-06 14:09:34.706,-9.219839096069336,106.95238494873047,0.9399374127388
2024-03-06 14:09:34.757,-9.221758842468262,107.28565979003906,0.9397881627082825
2024-03-06 14:09:34.812,-9.222652435302734,107.61904907226562,0.9395396113395691
2024-03-06 14:09:34.870,-9.223620414733887,107.95243072509766,0.9394853711128235
2024-03-06 14:09:34.922,-9.22553825378418,108.28533172607422,0.9396476149559021
2024-03-06 14:09:34.975,-9.228410720825195,108.61812591552734,0.9397903084754944
2024-03-06 14:09:35.029,-9.23146915435791,108.95137023925781,0.9397020936012268
2024-03-06 14:09:35.085,-9.233723640441895,109.28479766845703,0.9396286010742188
2024-03-06 14:09:35.139,-9.235100746154785,109.61803436279297,0.939706563949585
2024-03-06 14:09:35.190,-9.236085891723633,109.95128631591797,0.9398000240325928
2024-03-06 14:09:35.246,-9.237720489501953,110.28451538085938,0.9397846460342407
2024-03-06 14:09:35.309,-9.240139961242676,110.61761474609375,0.9397295713424683
2024-03-06 14:09:35.363,-9.243058204650879,110.9508285522461,0.9397504925727844
2024-03-06 14:09:35.427,-9.245552062988281,111.28398895263672,0.9395236968994141
2024-03-06 14:09:35.487,-9.247322082519531,111.616943359375,0.9394145011901855
2024-03-06 14:09:35.541,-9.248510360717773,111.95000457763672,0.9395565986633301
2024-03-06 14:09:35.594,-9.249967575073242,112.28331756591797,0.9396767616271973
2024-03-06 14:09:35.650,-9.252079963684082,112.61648559570312,0.9395952224731445
2024-03-06 14:09:35.705,-9.25477409362793,112.94950103759766,0.9395076036453247
2024-03-06 14:09:35.756,-9.257377624511719,113.28260803222656,0.939619243144989
2024-03-06 14:09:35.815,-9.259411811828613,113.61576843261719,0.9397712349891663
2024-03-06 14:09:35.871,-9.26089859008789,113.94898986816406,0.9397222995758057
2024-03-06 14:09:35.925,-9.262310028076172,114.28234100341797,0.939553439617157
2024-03-06 14:09:35.980,-9.264198303222656,114.6155776977539,0.9395169019699097
2024-03-06 14:09:36.037,-9.266597747802734,114.94860076904297,0.9396495223045349
2024-03-06 14:09:36.087,-9.269190788269043,115.28173828125,0.9397658109664917
2024-03-06 14:09:36.143,-9.271415710449219,115.61502075195312,0.939742386341095
2024-03-06 14:09:36.198,-9.273157119750977,115.94835662841797,0.9396430253982544
2024-03-06 14:09:36.253,-9.274651527404785,116.28168487548828,0.9395895600318909
2024-03-06 14:09:36.305,-9.276389122009277,116.61490631103516,0.9396132230758667
2024-03-06 14:09:36.357,-9.278578758239746,116.94791412353516,0.9396557211875916
2024-03-06 14:09:36.418,-9.28105640411377,117.28097534179688,0.9396839141845703
2024-03-06 14:09:36.476,-9.2833890914917,117.61431884765625,0.9397059679031372
2024-03-06 14:09:36.530,-9.285323143005371,117.94773864746094,0.9397011995315552
2024-03-06 14:09:36.583,-9.286953926086426,118.28106689453125,0.939646303653717
2024-03-06 14:09:36.637,-9.288630485534668,118.61429595947266,0.9395824670791626
2024-03-06 14:09:36.731,-9.290648460388184,118.94737243652344,0.9395819306373596
2024-03-06 14:09:36.785,-9.292976379394531,119.28044891357422,0.9396511316299438
2024-03-06 14:09:36.836,-9.295331954956055,119.61375427246094,0.9397123456001282
2024-03-06 14:09:36.887,-9.297412872314453,119.94718170166016,0.9396995902061462
2024-03-06 14:09:36.943,-9.299180030822754,120.28055572509766,0.9396263360977173
2024-03-06 14:09:36.995,-9.300870895385742,120.61383056640625,0.9395627975463867
2024-03-06 14:09:37.050,-9.302769660949707,120.9469985961914,0.9395608901977539
2024-03-06 14:09:37.103,-9.304964065551758,121.28008270263672,0.9396100640296936
2024-03-06 14:09:37.153,-9.307278633117676,121.61331176757812,0.9396608471870422
2024-03-06 14:09:37.206,-9.309444427490234,121.94674682617188,0.9396714568138123
2024-03-06 14:09:37.257,-9.311346054077148,122.28019714355469,0.9396296739578247
2024-03-06 14:09:37.312,-9.313096046447754,122.6135482788086,0.939570426940918
2024-03-06 14:09:37.371,-9.314937591552734,122.94674682617188,0.9395415782928467
2024-03-06 14:09:37.439,-9.317014694213867,123.27983856201172,0.9395672082901001
2024-03-06 14:09:37.492,-9.31926441192627,123.61299133300781,0.9396302700042725
2024-03-06 14:09:37.552,-9.32147216796875,123.9463882446289,0.9396748542785645
2024-03-06 14:09:37.607,-9.323476791381836,124.27987670898438,0.9396564960479736
2024-03-06 14:09:37.659,-9.325292587280273,124.61311340332031,0.939534604549408
2024-03-06 14:09:37.716,-9.327115058898926,124.94596099853516,0.939294695854187
2024-03-06 14:09:37.767,-9.329105377197266,125.27875518798828,0.9393055438995361
2024-03-06 14:09:37.818,-9.331278800964355,125.61177062988281,0.939525306224823
2024-03-06 14:09:37.872,-9.333486557006836,125.94514465332031,0.9396316409111023
2024-03-06 14:09:37.923,-9.335565567016602,126.27864074707031,0.939524233341217
2024-03-06 14:09:37.980,-9.337471008300781,126.61189270019531,0.9394018650054932
2024-03-06 14:09:38.038,-9.339308738708496,126.94488525390625,0.9394178986549377
2024-03-06 14:09:38.088,-9.34124755859375,127.27781677246094,0.939491868019104
2024-03-06 14:09:38.145,-9.343347549438477,127.61084747314453,0.9395065903663635
2024-03-06 14:09:38.203,-9.345524787902832,127.9440689086914,0.9394943714141846
2024-03-06 14:09:38.255,-9.347640037536621,128.2774658203125,0.9395241737365723
2024-03-06 14:09:38.311,-9.349609375,128.61085510253906,0.9395552277565002
2024-03-06 14:09:38.403,-9.351485252380371,128.9440155029297,0.9395155310630798
2024-03-06 14:09:38.455,-9.353389739990234,129.27706909179688,0.93944251537323
2024-03-06 14:09:38.509,-9.355422973632812,129.61004638671875,0.9394379258155823
2024-03-06 14:09:38.562,-9.357560157775879,129.9431915283203,0.9395257234573364
2024-03-06 14:09:38.617,-9.359689712524414,130.27658081054688,0.939602255821228
2024-03-06 14:09:38.672,-9.361713409423828,130.61001586914062,0.9395836591720581
2024-03-06 14:09:38.723,-9.363635063171387,130.94329833984375,0.939502477645874
2024-03-06 14:09:38.781,-9.365546226501465,131.27638244628906,0.9394555687904358
2024-03-06 14:09:38.837,-9.367530822753906,131.60946655273438,0.9394820928573608
2024-03-06 14:09:38.889,-9.369617462158203,131.94261169433594,0.9395363330841064
2024-03-06 14:09:38.947,-9.37173080444336,132.27586364746094,0.9395654797554016
2024-03-06 14:09:39.020,-9.373786926269531,132.60906982421875,0.9394404292106628
2024-03-06 14:09:39.076,-9.375753402709961,132.94215393066406,0.939362645149231
2024-03-06 14:09:39.129,-9.377669334411621,133.27537536621094,0.9394112229347229
2024-03-06 14:09:39.183,-9.379629135131836,133.60862731933594,0.9394521713256836
2024-03-06 14:09:39.236,-9.381673812866211,133.94189453125,0.939411997795105
2024-03-06 14:09:39.286,-9.383777618408203,134.27500915527344,0.9393926858901978
2024-03-06 14:09:39.339,-9.385852813720703,134.6080780029297,0.9394691586494446
2024-03-06 14:09:39.390,-9.387850761413574,134.94119262695312,0.9395394325256348
2024-03-06 14:09:39.456,-9.38979434967041,135.27452087402344,0.9394922256469727
2024-03-06 14:09:39.512,-9.391744613647461,135.60794067382812,0.9393802881240845
2024-03-06 14:09:39.581,-9.393757820129395,135.94131469726562,0.9393531084060669
2024-03-06 14:09:39.635,-9.39582633972168,136.27444458007812,0.9394422769546509
2024-03-06 14:09:39.685,-9.397902488708496,136.60752868652344,0.9395387768745422
2024-03-06 14:09:39.740,-9.399932861328125,136.94070434570312,0.9395456314086914
2024-03-06 14:09:39.793,-9.401890754699707,137.27394104003906,0.9396342635154724
2024-03-06 14:09:39.856,-9.40385627746582,137.60733032226562,0.9396812319755554
2024-03-06 14:09:39.916,-9.405848503112793,137.9407501220703,0.9395384192466736
2024-03-06 14:09:39.968,-9.407893180847168,138.27398681640625,0.9394518136978149
2024-03-06 14:09:40.021,-9.409960746765137,138.6070556640625,0.9395732879638672
2024-03-06 14:09:40.075,-9.411999702453613,138.94012451171875,0.9397355914115906
2024-03-06 14:09:40.125,-9.413990020751953,139.27340698242188,0.9397194981575012
2024-03-06 14:09:40.184,-9.415968894958496,139.60693359375,0.9395731687545776
2024-03-06 14:09:40.238,-9.417950630187988,139.94046020507812,0.9395018815994263
2024-03-06 14:09:40.289,-9.419978141784668,140.27377319335938,0.9395721554756165
2024-03-06 14:09:40.344,-9.422024726867676,140.6068572998047,0.9396690726280212
2024-03-06 14:09:40.399,-9.424067497253418,140.93995666503906,0.9397016167640686
2024-03-06 14:09:40.452,-9.426080703735352,141.2732696533203,0.9396795034408569
2024-03-06 14:09:40.506,-9.428059577941895,141.60679626464844,0.9396408200263977
2024-03-06 14:09:40.556,-9.430039405822754,141.94029235839844,0.9396092295646667
2024-03-06 14:09:40.611,-9.432040214538574,142.27365112304688,0.9396002888679504
2024-03-06 14:09:40.668,-9.43408489227295,142.60679626464844,0.9396194815635681
2024-03-06 14:09:40.719,-9.43613052368164,142.93992614746094,0.9396737813949585
2024-03-06 14:09:40.774,-9.438163757324219,143.27325439453125,0.9397284984588623
2024-03-06 14:09:40.826,-9.440150260925293,143.60667419433594,0.9397093057632446
2024-03-06 14:09:40.884,-9.442131996154785,143.94007873535156,0.9396266937255859
2024-03-06 14:09:40.939,-9.444119453430176,144.27337646484375,0.9395827651023865
2024-03-06 14:09:40.994,-9.446146965026855,144.60659790039062,0.9396212100982666
2024-03-06 14:09:41.050,-9.44819164276123,144.9397430419922,0.9396889805793762
2024-03-06 14:09:41.104,-9.45022964477539,145.27304077148438,0.9397256374359131
2024-03-06 14:09:41.157,-9.452227592468262,145.6064910888672,0.9397087693214417
2024-03-06 14:09:41.214,-9.454209327697754,145.93997192382812,0.939652144908905
2024-03-06 14:09:41.270,-9.456197738647461,146.2733154296875,0.9396041631698608
2024-03-06 14:09:41.324,-9.458207130432129,146.60655212402344,0.9396085739135742
2024-03-06 14:09:41.380,-9.460246086120605,146.93980407714844,0.9396562576293945
2024-03-06 14:09:41.437,-9.462289810180664,147.27304077148438,0.9397090673446655
2024-03-06 14:09:41.489,-9.464301109313965,147.60641479492188,0.9397232532501221
2024-03-06 14:09:41.544,-9.466292381286621,147.93983459472656,0.9396810531616211
2024-03-06 14:09:41.596,-9.468280792236328,148.27325439453125,0.9396162033081055
2024-03-06 14:09:41.649,-9.47027587890625,148.6065216064453,0.939588725566864
2024-03-06 14:09:41.703,-9.472305297851562,148.9397735595703,0.9396215081214905
2024-03-06 14:09:41.755,-9.47435474395752,149.2730255126953,0.939680278301239
2024-03-06 14:09:41.809,-9.4763822555542,149.60629272460938,0.939635157585144
2024-03-06 14:09:41.864,-9.478371620178223,149.9394073486328,0.9395037293434143
2024-03-06 14:09:41.917,-9.480358123779297,150.27264404296875,0.9394904375076294
2024-03-06 14:09:41.971,-9.48235034942627,150.6061248779297,0.9395561814308167
2024-03-06 14:09:42.022,-9.484356880187988,150.93966674804688,0.9395625591278076
2024-03-06 14:09:42.075,-9.486390113830566,151.27296447753906,0.9395135641098022
2024-03-06 14:09:42.128,-9.488409996032715,151.60597229003906,0.93953937292099
2024-03-06 14:09:42.181,-9.49040699005127,151.93896484375,0.9396277666091919
2024-03-06 14:09:42.235,-9.492393493652344,152.27230834960938,0.9396376013755798
2024-03-06 14:09:42.287,-9.494385719299316,152.60595703125,0.9395358562469482
2024-03-06 14:09:42.339,-9.496384620666504,152.9395294189453,0.9394598007202148
2024-03-06 14:09:42.389,-9.498400688171387,153.2727813720703,0.9395036697387695
2024-03-06 14:09:42.445,-9.500419616699219,153.60572814941406,0.9396113753318787
2024-03-06 14:09:42.518,-9.502421379089355,153.938720703125,0.9396679997444153
2024-03-06 14:09:42.571,-9.504414558410645,154.2720947265625,0.9396204352378845
2024-03-06 14:09:42.621,-9.506404876708984,154.60548400878906,0.939422070980072
2024-03-06 14:09:42.677,-9.508398056030273,154.9385986328125,0.9392997026443481
2024-03-06 14:09:42.727,-9.510398864746094,155.27151489257812,0.93941330909729
2024-03-06 14:09:42.783,-9.512410163879395,155.60450744628906,0.9395812153816223
2024-03-06 14:09:42.836,-9.51441764831543,155.93788146972656,0.9395983219146729
2024-03-06 14:09:42.887,-9.516411781311035,156.27145385742188,0.9394975900650024
2024-03-06 14:09:42.940,-9.51840877532959,156.604736328125,0.9394347667694092
2024-03-06 14:09:42.992,-9.520401954650879,156.93772888183594,0.9394597411155701
2024-03-06 14:09:43.049,-9.522396087646484,157.27066040039062,0.9395012855529785
2024-03-06 14:09:43.101,-9.52440071105957,157.6038360595703,0.9395112991333008
2024-03-06 14:09:43.151,-9.52640438079834,157.93724060058594,0.939526379108429
2024-03-06 14:09:43.203,-9.528404235839844,158.27073669433594,0.9395606517791748
2024-03-06 14:09:43.254,-9.530404090881348,158.6040496826172,0.9395616054534912
2024-03-06 14:09:43.311,-9.532405853271484,158.93714904785156,0.9395089149475098
2024-03-06 14:09:43.367,-9.534407615661621,159.27024841308594,0.9394649267196655
2024-03-06 14:09:43.434,-9.536409378051758,159.60350036621094,0.9394820928573608
2024-03-06 14:09:43.487,-9.538413047790527,159.9368896484375,0.9395440220832825
2024-03-06 14:09:43.541,-9.54041576385498,160.27029418945312,0.9395851492881775
2024-03-06 14:09:43.592,-9.54241943359375,160.6037139892578,0.9395599961280823
2024-03-06 14:09:43.651,-9.544422149658203,160.9369659423828,0.939491868019104
2024-03-06 14:09:43.702,-9.54642391204834,161.27020263671875,0.9394434690475464
2024-03-06 14:09:43.752,-9.54842758178711,161.60345458984375,0.9394496083259583
2024-03-06 14:09:43.806,-9.550430297851562,161.93670654296875,0.9394863247871399
2024-03-06 14:09:43.858,-9.552319526672363,162.269775390625,0.9398756623268127
2024-03-06 14:09:43.913,-9.55431079864502,162.60293579101562,0.9400400519371033
2024-03-06 14:09:43.969,-9.556317329406738,162.93655395507812,0.9395692944526672
2024-03-06 14:09:44.019,-9.558320045471191,163.27017211914062,0.9392408132553101
2024-03-06 14:09:44.074,-9.560321807861328,163.6033477783203,0.9394553303718567
2024-03-06 14:09:44.125,-9.56231689453125,163.9361114501953,0.9397724866867065
2024-03-06 14:09:44.183,-9.564313888549805,164.2690887451172,0.9397441148757935
2024-03-06 14:09:44.235,-9.566325187683105,164.60260009765625,0.9395043849945068
2024-03-06 14:09:44.287,-9.568331718444824,164.93614196777344,0.9392754435539246
2024-03-06 14:09:44.344,-9.570337295532227,165.2693328857422,0.9393677711486816
2024-03-06 14:09:44.395,-9.57234001159668,165.60238647460938,0.9395453929901123
2024-03-06 14:09:44.450,-9.57434368133545,165.93553161621094,0.9395219087600708
2024-03-06 14:09:44.503,-9.576347351074219,166.2688446044922,0.9394050240516663
2024-03-06 14:09:44.554,-9.578359603881836,166.6022491455078,0.9394354820251465
2024-03-06 14:09:44.610,-9.58037281036377,166.9355010986328,0.9395666122436523
2024-03-06 14:09:44.664,-9.58238410949707,167.26870727539062,0.9395762085914612
2024-03-06 14:09:44.719,-9.583444595336914,167.60284423828125,0.9387089610099792
2024-03-06 14:09:44.779,-9.58687686920166,167.90969848632812,0.9386531114578247
2024-03-06 14:09:44.836,-9.590892791748047,168.200439453125,0.9396005868911743
2024-03-06 14:09:44.889,-9.592561721801758,168.49267578125,0.9401756525039673
2024-03-06 14:09:44.945,-9.592819213867188,168.78005981445312,0.9396378993988037
2024-03-06 14:09:45.029,-9.5929594039917,169.05242919921875,0.9389693737030029
2024-03-06 14:09:45.084,-9.593003273010254,169.31382751464844,0.9392115473747253
2024-03-06 14:09:45.140,-9.593310356140137,169.56932067871094,0.9399087429046631
2024-03-06 14:09:45.191,-9.593714714050293,169.81385803222656,0.93992018699646
2024-03-06 14:09:45.246,-9.59410285949707,170.0429229736328,0.9391584396362305
2024-03-06 14:09:45.328,-9.594340324401855,170.25997924804688,0.9389368891716003
2024-03-06 14:09:45.382,-9.59453296661377,170.470947265625,0.9396303296089172
2024-03-06 14:09:45.434,-9.59471607208252,170.67684936523438,0.940070390701294
2024-03-06 14:09:45.486,-9.594855308532715,170.87411499023438,0.9396118521690369
2024-03-06 14:09:45.541,-9.594966888427734,171.0609588623047,0.9391695261001587
2024-03-06 14:09:45.591,-9.595067024230957,171.24171447753906,0.9395431280136108
2024-03-06 14:09:45.648,-9.595144271850586,171.41900634765625,0.9399122595787048
2024-03-06 14:09:45.701,-9.595223426818848,171.5868377685547,0.9396024346351624
2024-03-06 14:09:45.752,-9.595337867736816,171.73951721191406,0.9391575455665588
2024-03-06 14:09:45.807,-9.595484733581543,171.87905883789062,0.9392838478088379
2024-03-06 14:09:45.858,-9.595569610595703,172.0096435546875,0.9397693872451782
2024-03-06 14:09:45.911,-9.595609664916992,172.13116455078125,0.9398029446601868
2024-03-06 14:09:45.964,-9.595643997192383,172.23988342285156,0.9393806457519531
2024-03-06 14:09:46.017,-9.595682144165039,172.33673095703125,0.9392241835594177
2024-03-06 14:09:46.072,-9.59571647644043,172.42677307128906,0.9395706057548523
2024-03-06 14:09:46.122,-9.59575366973877,172.51292419433594,0.9398790597915649
2024-03-06 14:09:46.177,-9.595785140991211,172.59396362304688,0.9397237300872803
2024-03-06 14:09:46.229,-9.59581470489502,172.66998291015625,0.9394620060920715
2024-03-06 14:09:46.283,-9.595834732055664,172.7432403564453,0.9395537376403809
2024-03-06 14:09:46.337,-9.595854759216309,172.81378173828125,0.9397733211517334
2024-03-06 14:09:46.388,-9.595873832702637,172.87864685058594,0.9396979212760925
2024-03-06 14:09:46.442,-9.595890998840332,172.93580627441406,0.9394605159759521
2024-03-06 14:09:46.494,-9.59589958190918,172.9862518310547,0.9394658803939819
2024-03-06 14:09:46.549,-9.595909118652344,173.03155517578125,0.939688503742218
2024-03-06 14:09:46.605,-9.595918655395508,173.0718994140625,0.9397684335708618
2024-03-06 14:09:46.656,-9.595927238464355,173.1072235107422,0.939628005027771
2024-03-06 14:09:46.714,-9.59593677520752,173.1382598876953,0.9395394325256348
2024-03-06 14:09:46.769,-9.595945358276367,173.16551208496094,0.9396299123764038
2024-03-06 14:09:46.821,-9.595949172973633,173.18853759765625,0.9397122263908386
2024-03-06 14:09:46.875,-9.595949172973633,173.20664978027344,0.9396436214447021
2024-03-06 14:09:46.927,-9.595949172973633,173.2194366455078,0.9395377039909363
2024-03-06 14:09:46.982,-9.595948219299316,173.22593688964844,0.939498245716095
2024-03-06 14:09:47.036,-9.595948219299316,173.2248077392578,0.9395685195922852
2024-03-06 14:09:47.085,-9.595948219299316,173.2195281982422,0.9397626519203186
2024-03-06 14:09:47.139,-9.595948219299316,173.21701049804688,0.9399546980857849
2024-03-06 14:09:47.194,-9.595947265625,173.2198028564453,0.9399291276931763
2024-03-06 14:09:47.252,-9.595947265625,173.2236785888672,0.939637303352356
2024-03-06 14:09:47.305,-9.595947265625,173.223876953125,0.9394305348396301
2024-03-06 14:09:47.356,-9.595947265625,173.22076416015625,0.9396083950996399
2024-03-06 14:09:47.414,-9.595947265625,173.21856689453125,0.9399380683898926
2024-03-06 14:09:47.468,-9.595947265625,173.21969604492188,0.9399640560150146
2024-03-06 14:09:47.521,-9.595947265625,173.2222900390625,0.9396519064903259
2024-03-06 14:09:47.575,-9.595947265625,173.2230224609375,0.939440131187439
2024-03-06 14:09:47.628,-9.595946311950684,173.22132873535156,0.9396042823791504
2024-03-06 14:09:47.683,-9.595946311950684,173.21961975097656,0.9398845434188843
2024-03-06 14:09:47.736,-9.595946311950684,173.2198944091797,0.9398944973945618
2024-03-06 14:09:47.785,-9.595946311950684,173.22149658203125,0.9396551847457886
2024-03-06 14:09:47.838,-9.595946311950684,173.22227478027344,0.9395114779472351
