timestamp,x,y,yaw
0.0,-0.9605644620748003,-0.03205165323507526,1.58896523245642
0.0,-0.990378859393621,0.07501577702103505,1.543700955593613
0.0,-0.9781075102691998,-0.028059960836605044,1.576300394765518
0.0,-0.8849659771003052,-0.052648497662534044,1.5467322480896983
0.0,-0.9438259983736129,0.0305418039609581,1.5773126625096567
0.0,-0.9663537987742962,0.000611879800606733,1.6124606783873483
0.0,-1.0171438093306404,-0.13335411803206954,1.561425448502189
0.0,-0.9256015667453209,0.03686777174065045,1.5774496029450187
0.0,-0.9898908856582606,0.03402401587917632,1.570381151151543
0.0,-1.0559179620797285,0.002195151070588252,1.5742225242058216
0.0,-0.9410221951625176,-0.01065676663254593,1.5799087116433062
0.0,-1.037455408628281,-0.024349291790579423,1.567603969993182
0.0,-1.0240533631205324,-0.01791407365931064,1.5698643429815482
0.0,-1.0327072562245618,-0.018436512451965297,1.5553398350930054
0.0,-1.0353053648820696,-0.06116693265733402,1.5740760220329386
0.0,-1.115262461032282,-0.0070569354074008946,1.546447057527002
0.0,-1.034056934805645,-0.0013470597356531624,1.5490149544225578
0.0,-1.1566649694801219,-0.048636677550318946,1.597392026455752
0.0,-1.1171032872152256,-0.005683672540273911,1.5919971057190065
0.0,-1.1791604093957126,-0.05246355499282221,1.6060231682176243
0.0,-1.290562413137264,-0.0619763153035006,1.6081145377931063
0.0,-1.2802843862429043,-0.025938376073211523,1.6465553715118753
0.0,-1.2521196103986494,-0.15045943057327718,1.6134867795018009
0.0,-1.4633270110226935,-0.14915259650071425,1.638781182515182
0.0,-1.452802343101723,-0.10454767312131796,1.6461251472198042
0.0,-1.4824748994956503,-0.08115457072622255,1.7037300133407538
0.0,-1.5023206637713469,-0.25105239625288966,1.669632978853178
0.0,-1.535095076825281,-0.120620622395178,1.6810062298654898
0.0,-1.6332833225641799,-0.25364763480098135,1.7573755382418221
0.0,-1.703706384244333,-0.23821343970285086,1.716530525786967
0.0,-1.6901183591853748,-0.23893509062550047,1.7447151765599598
0.0,-1.743795107868701,-0.2923270976800598,1.7921487738296595
0.0,-1.9548882543775228,-0.2541171047735727,1.7938913613305074
0.0,-1.9140590038812413,-0.32091115216890137,1.8135861248906953
0.0,-2.0096442210120258,-0.40277044774710136,1.821393885705446
0.0,-2.1424633624965237,-0.4971202657976697,1.843971858162663
0.0,-2.13995002678202,-0.5226224468761662,1.9041179368139574
0.0,-2.2897299243272102,-0.5431678276172138,1.8896617089141425
0.0,-2.4560448520679166,-0.5992258939785562,1.9315924115018925
0.0,-2.491369007773497,-0.6620185743288568,1.912135041838716
0.0,-2.547708336977875,-0.6361333207913532,1.9084249195239327
0.0,-2.6575281870688747,-0.7532604825042908,1.8986581690440336
0.0,-2.715680664476646,-0.853776935612398,1.9454980734935388
0.0,-3.0037654019412354,-0.9295497756046146,1.9179826853359474
0.0,-2.9740887494192987,-0.9742115192275218,1.9430500423137076
0.0,-3.079533670515566,-1.0030168659977339,1.960751879267019
0.0,-3.231122518958613,-1.0157780860025667,1.90817336885765
0.0,-3.4347735005127524,-1.0590520105537142,1.9150597752989649
0.0,-3.6274306162037053,-1.0807320601295547,1.8798412732971785
0.0,-3.667942253996147,-1.0843291560207422,1.9076671210574014
0.0,-3.844362039742522,-1.125284000998072,1.876975745428536
0.0,-3.9694386462131575,-1.204154040335223,1.9032768545814107
0.0,-4.18774902161377,-1.2390476971871078,1.932763388076475
0.0,-4.250809677383711,-1.2357910877993037,1.8966480951713582
0.0,-4.40136130260822,-1.4733457939829309,1.9320806921292668
0.0,-4.467913210783261,-1.5422273755054625,1.9364997784254212
0.0,-4.648054592305782,-1.4641687206820109,1.982894540593681
0.0,-4.854300941116199,-1.6682897937900865,1.9705515818094397
0.0,-4.989013497261389,-1.664717395621159,1.9347627607261677
0.0,-5.111934978804094,-1.683657565796108,2.0027706386794777
0.0,-5.389722252177111,-1.8713768601928369,1.9858171805209466
0.0,-5.493732099228728,-1.8655975172014123,1.9545734169058842
0.0,-5.611027899745173,-1.9548058528141128,2.011935673983635
0.0,-5.8244183528146785,-2.052757568224458,2.0226625440136377
0.0,-5.948354973354108,-2.038948380729815,2.0032110068662976
0.0,-6.085495038146713,-2.1800807487870677,1.9860964061499962
0.0,-6.360751844795874,-2.403662162072778,2.0219906660002662
0.0,-6.504872521233781,-2.4658859585561466,2.063167740228576
0.0,-6.697130846677804,-2.499683070451557,2.042955318056737
0.0,-7.014624756615509,-2.6276529109593905,2.0215092454419965
0.0,-7.112500493979229,-2.666178367201927,2.042891432680813
0.0,-7.198122624500977,-2.831959483399528,2.0594327829585133
0.0,-7.494828742962152,-2.9036811761101804,2.0619073921715305
0.0,-7.629316243946832,-2.9746566838887754,2.0399770996425044
0.0,-7.879343287681124,-3.179648501146064,2.0921365107536545
0.0,-8.06301746140905,-3.24842520749546,2.0736215642560127
0.0,-8.33029218372744,-3.4045172209879833,2.0784118053951617
0.0,-8.419656267106435,-3.503778273328558,2.1040540242538017
0.0,-8.697039748143801,-3.628265112404554,2.119274932234378
0.0,-8.926007734272352,-3.7273652052217137,2.148816054756524
0.0,-9.045057953177357,-3.970333081767963,2.14231286802346
0.0,-9.287706488699193,-4.136445391772034,2.1420961901965616
0.0,-9.49117649269687,-4.319419102494224,2.1654466990389403
0.0,-9.675647955508667,-4.374991702456408,2.2055905787834806
0.0,-9.859070965947328,-4.545077927902908,2.178684717599318
0.0,-10.099170720688585,-4.681375938224765,2.1666004949027444
0.0,-10.375258930293684,-5.007253054088046,2.2306968354526373
0.0,-10.620559089373456,-4.984848287690871,2.1931500698505793
0.0,-10.690902181959734,-5.234450301397025,2.196338327563148
0.0,-10.96374985940044,-5.425624904335865,2.220541656856865
0.0,-11.201578423137125,-5.5799142911240125,2.214181529802711
0.0,-11.448668979385532,-5.909072907993029,2.291837021143645
0.0,-11.682590576228575,-5.97721585682002,2.3110049674846107
0.0,-11.916838538992597,-6.1381743456516284,2.289758789244985
0.0,-12.084003790889275,-6.412006034531538,2.2908192338167073
0.0,-12.260326669151652,-6.712960964769416,2.2985984959513903
0.0,-12.547727741702582,-6.915999481049879,2.3275877512950243
0.0,-12.741664444028585,-7.1178519137122125,2.304081910685124
0.0,-12.968822846805663,-7.343548369576624,2.3496343322969793
0.0,-13.187403761746648,-7.502971691882778,2.36440747197861
0.0,-13.443051669820177,-7.811330297151865,2.3791647088083128
0.0,-13.63901105949389,-8.055445088718002,2.389099303650999
0.0,-13.758689520635857,-8.292962625871226,2.430950644789246
0.0,-13.999051714222466,-8.63598604787681,2.4414540348383564
0.0,-14.278665165646437,-8.84336668132767,2.4960049166441483
0.0,-14.373659639650574,-9.141177860527913,2.4646963452577837
0.0,-14.653214253950592,-9.41971587005944,2.4721443624649035
0.0,-14.90010365284313,-9.671168793403906,2.470651755904154
0.0,-14.958253909837577,-9.906029891456948,2.4872198508586574
0.0,-15.167955399029193,-10.142081661568241,2.4708084929079708
0.0,-15.382413645580552,-10.386882988292768,2.5205127439052872
0.0,-15.520711708179029,-10.732263573662365,2.5293279827211683
0.0,-15.719663110177004,-11.00696544080348,2.5395245309631176
0.0,-15.852738314776047,-11.346565927713412,2.592442956361526
0.0,-16.013552202360085,-11.635867030896692,2.5626564567942256
0.0,-16.193366670082828,-11.928702508445673,2.6059892883403553
0.0,-16.367712161754756,-12.0862103041439,2.599868199091061
0.0,-16.48112851901363,-12.445713616557352,2.646902936710427
0.0,-16.593582007818725,-12.712363104305064,2.6159838552009127
0.0,-16.845060341069914,-13.063734532266599,2.6357381447285664
0.0,-16.929902846769668,-13.297126385549483,2.657583708070014
0.0,-17.049922076319827,-13.618288415129069,2.7017377209485063
0.0,-17.13705250944604,-13.852918522564678,2.751577762999487
0.0,-17.188514127974326,-14.190466160103862,2.776607774698509
0.0,-17.381988535226117,-14.529774322122874,2.7134094495939953
0.0,-17.540606842260956,-14.868476190180171,2.7546124558881897
0.0,-17.615664876236046,-15.162555942135144,2.7512417636641278
0.0,-17.71885640338817,-15.407431660647822,2.7955555060187613
0.0,-17.806197428156835,-15.794804468036713,2.7802557029266075
0.0,-17.922649968714197,-16.107592631705323,2.7980369166110957
0.0,-17.995535725544876,-16.45881321376426,2.8303191058070407
0.0,-18.063730569797034,-16.697500999336544,2.844035902508462
0.0,-18.107336446466583,-17.0580858331827,2.8787007018745108
0.0,-18.20963555970672,-17.340971510159214,2.8927443764900915
0.0,-18.130859793545078,-17.62949043152078,2.9015474110955655
0.0,-18.312137636587174,-17.93904462882584,2.86928354885874
0.0,-18.467388578721117,-18.381072385554244,2.8988672072171906
0.0,-18.350431769533852,-18.59523896383809,2.891541351652714
0.0,-18.576220564339756,-18.966733057271416,2.930990943126919
0.0,-18.555346092288865,-19.22203912010567,2.9825624399577464
0.0,-18.525209621332312,-19.547510638468133,2.9530274564640657
0.0,-18.65978600485497,-19.92106882504508,2.9737571547645283
0.0,-18.595871033670402,-20.213119772365513,3.025522300515506
0.0,-18.634604342718035,-20.579934053327605,3.0309800292575506
0.0,-18.620864253355492,-20.862876883132138,3.04521156920714
0.0,-18.662926427066125,-21.20016628879634,3.0449711655211953
0.0,-18.68649862582999,-21.61685919035386,3.0946688046320565
0.0,-18.69230001222383,-21.962837864059527,3.133687393487562
0.0,-18.631285509317163,-22.150702402521613,3.1361666025003734
0.0,-18.677380576044477,-22.515217115812668,3.1382988922513846
0.0,-18.561014268901506,-22.925728711697378,-3.1017975259810258
0.0,-18.57063716072088,-23.18722383629636,-3.137647316991968
0.0,-18.621363848775477,-23.484368084098513,-3.112186747684718
0.0,-18.573921614392372,-23.806836027002333,-3.0976283931733755
0.0,-18.514531654988232,-24.20944536761525,-3.063125443439421
0.0,-18.503927343149616,-24.58386417352779,-3.0755603639864706
0.0,-18.482429160494743,-24.846424045926295,-3.099676597795782
0.0,-18.385945837595028,-25.185779395468998,-3.080344013586958
0.0,-18.30508016099625,-25.45694629773192,-3.0008098490021764
0.0,-18.270077901462752,-25.79038721529587,-2.9633235839193066
0.0,-18.186565253319873,-26.047157247619392,-2.965347605439747
0.0,-18.090368243640746,-26.414649253866802,-2.926132090804017
0.0,-18.048646408054093,-26.75987435924222,-2.9078049658644085
0.0,-17.984199899367884,-27.119667562252634,-2.964499837328688
0.0,-17.88938282841434,-27.375776758850478,-2.9466572832138174
0.0,-17.890389271096275,-27.702314551930357,-2.9030976157244632
0.0,-17.76767659506027,-27.979785134317705,-2.910070884605442
0.0,-17.639752382683476,-28.297134190425034,-2.900926399275302
0.0,-17.538772554360186,-28.670498586731878,-2.8797340113135856
0.0,-17.469730108541388,-29.039253534337032,-2.858732238531869
0.0,-17.210802499142513,-29.298167370644318,-2.824985500408608
0.0,-17.11822902869226,-29.560917414337492,-2.806720525009838
0.0,-17.018131149099062,-29.87583967670207,-2.8050256516699497
0.0,-16.880257723506286,-30.234205081369268,-2.754924730629939
0.0,-16.812481545413956,-30.366924775492457,-2.719495958743965
0.0,-16.628011122791268,-30.678819599812602,-2.7268091442904554
0.0,-16.449174941865895,-31.11436795524098,-2.74410336030629
0.0,-16.383284455640677,-31.29628865090414,-2.7024037922553297
0.0,-16.197267320813296,-31.6492572440237,-2.6765338561261993
0.0,-16.04092582252332,-32.00519194979689,-2.71641804009091
0.0,-15.756490636541834,-32.245506546154544,-2.690152413015254
0.0,-15.711209915857701,-32.52519141354482,-2.68884370816598
0.0,-15.487478865131155,-32.8455739881145,-2.6538452879057104
0.0,-15.48037693259645,-33.10565482915514,-2.6102208004389813
0.0,-15.138651042450915,-33.30843322799071,-2.6092900967942345
0.0,-15.010468198268386,-33.57050650023267,-2.5958978163908495
0.0,-14.805065546826423,-33.849093658832935,-2.5579699831696163
0.0,-14.70400225596944,-34.1173299389231,-2.5760612493502784
0.0,-14.40901003235679,-34.456255373271546,-2.5423771115993916
0.0,-14.272757381985002,-34.67876512905245,-2.4931119206751173
0.0,-13.92909857997678,-34.91218098599013,-2.51937555007591
0.0,-13.874816668381207,-35.2343133862654,-2.5335423293455093
0.0,-13.662006858778335,-35.497391679190144,-2.511182379508277
0.0,-13.395300340391099,-35.73988990620952,-2.4803865041914777
0.0,-13.158377566661247,-35.907149197915324,-2.4262054909373947
0.0,-12.96386709783758,-36.12982528413709,-2.44657212065074
0.0,-12.692572033428858,-36.296900848088164,-2.3981721478254023
0.0,-12.473494474745532,-36.62539010243878,-2.4000045836589337
0.0,-12.247911609402943,-36.84063855337013,-2.3911644741000715
0.0,-11.99802363441035,-36.98012753874245,-2.358102238338563
0.0,-11.752206895619045,-37.274045810640466,-2.35400263173147
0.0,-11.463409758979822,-37.49025845601848,-2.3148849874179596
0.0,-11.230037463652858,-37.71827616860106,-2.3511794941810793
0.0,-10.98334301704947,-37.841456829907976,-2.2641962838755685
0.0,-10.72416078078893,-38.115129341482415,-2.281398235757834
0.0,-10.567106056576497,-38.399914397050416,-2.2785106633271686
0.0,-10.213673179608035,-38.53025885014717,-2.283754701492347
0.0,-10.00860833918648,-38.664362896611756,-2.2476499791763627
0.0,-9.68354991629168,-38.950231547412706,-2.2713431536985302
0.0,-9.427121571562376,-39.112397746008995,-2.2171916180747036
0.0,-9.277272350982846,-39.348412994781405,-2.1849089254677416
0.0,-8.901446264854364,-39.43920650971658,-2.199213679496434
0.0,-8.652137984325433,-39.597261476188045,-2.2031364432912883
0.0,-8.300266812441418,-39.880509581753984,-2.1669130487709607
0.0,-7.969961234583578,-39.93404643530582,-2.1447645832701983
0.0,-7.814391884602747,-40.05873396759152,-2.0775822905894032
0.0,-7.528301386423115,-40.25492324016045,-2.108399720859529
0.0,-7.26258925920651,-40.356690492720425,-2.0941698212024833
0.0,-6.906566980317627,-40.58063587601207,-2.0913374088969974
0.0,-6.586362266118407,-40.62550744961153,-2.0791514414141643
0.0,-6.313031244494128,-40.74922902409615,-2.06541629904213
0.0,-6.024600836602318,-40.94468170010143,-2.0368968380203016
0.0,-5.759975032572842,-41.159116546157485,-2.0263619159363917
0.0,-5.382995952337328,-41.09274299546491,-1.9724569164494077
0.0,-5.016000808042333,-41.380597644153845,-1.9749137108685302
0.0,-4.726570088407344,-41.37737747427989,-1.986719393411824
0.0,-4.4774637213139385,-41.62354226369949,-1.9386312558651626
0.0,-4.231577896604786,-41.69955126272899,-1.9105900257864217
0.0,-3.8600948448637262,-41.83934363132972,-1.9298376943236277
0.0,-3.5717318259843993,-41.85596296639611,-1.926556483549847
0.0,-3.2319437366191757,-41.952990624791575,-1.901778048983649
0.0,-2.9014948591483103,-42.06631861375227,-1.8478286430606288
0.0,-2.6186658403843306,-42.0693341803621,-1.832300192976576
0.0,-2.3351060507023846,-42.11961536378083,-1.8111397165061394
0.0,-1.9997169413402303,-42.22062257818257,-1.8430862433293467
0.0,-1.7394699700119638,-42.3385772225015,-1.8075448914766878
0.0,-1.3985356523606731,-42.37566807437597,-1.8178266450493932
0.0,-0.9297357571673781,-42.43282634079568,-1.8180536713496798
0.0,-0.6515892787773043,-42.58122239372128,-1.8129768248904183
0.0,-0.32410222208341866,-42.56816228408998,-1.7535832231518818
0.0,-0.10876186657274196,-42.561287269907,-1.7179455972460156
0.0,0.18955939461885413,-42.59652478551858,-1.7053845954627684
0.0,0.6024491873710164,-42.62284772738772,-1.712219070871981
0.0,0.9792272533175549,-42.57365553088757,-1.7097588103472017
0.0,1.2616258871946158,-42.658255812305455,-1.6606214883170471
0.0,1.6180661905450138,-42.72588852763626,-1.6012904640736643
0.0,1.9578965934606232,-42.67441047431143,-1.6122827526443253
0.0,2.337764085455373,-42.702898363645275,-1.6595048677306432
0.0,2.60280424266755,-42.62250078522196,-1.6426139473569825
0.0,2.7927813469759224,-42.69275004173741,-1.6470700340747622
0.0,3.235568247530332,-42.74843240986302,-1.573555882056998
0.0,3.591199654286984,-42.70932616737401,-1.53859325516269
0.0,3.942882208445179,-42.58678836727552,-1.531876717400894
0.0,4.2198731730646895,-42.582390079812505,-1.500973618674467
0.0,4.516979403974258,-42.53748063163399,-1.5009424652757484
0.0,4.85504773268121,-42.533359400245146,-1.5103331412292786
0.0,5.230261058118066,-42.46239925792502,-1.5428738543552194
0.0,5.490139073177399,-42.49923010075016,-1.4619353308710514
0.0,5.84722706071979,-42.33461728141322,-1.454774118437692
0.0,6.181326945130912,-42.33080030664755,-1.476400144203032
0.0,6.518955606100567,-42.27454986413262,-1.4385681233230616
0.0,6.832181479864071,-42.20254667605877,-1.4013095656518173
0.0,7.134679060495426,-42.117351048261206,-1.3359900591916434
0.0,7.432357794386533,-42.0240306061113,-1.345540790735352
0.0,7.664485918681219,-41.93216751090678,-1.3858589809011725
0.0,8.092566650991124,-41.905141109370575,-1.3395995537560366
0.0,8.373850196299955,-41.826911493852904,-1.3403799273170725
0.0,8.762064237321114,-41.78534341127607,-1.3435501971417847
0.0,9.047826815281347,-41.562004763864394,-1.2751573072906552
0.0,9.282233553852377,-41.579485892914555,-1.2779098938842277
0.0,9.637468244947483,-41.34284518230856,-1.261963611084614
0.0,9.897569820984803,-41.28460455503289,-1.2715981864096253
0.0,10.208002980569667,-41.105679785478294,-1.154329514139816
0.0,10.552752560892369,-41.01029986079407,-1.1978836601517735
0.0,10.806431960596342,-40.71749702173024,-1.1792008748102383
0.0,11.146404733805094,-40.640058631136945,-1.1720359612001896
0.0,11.397232553155114,-40.499627123552884,-1.212007049330782
0.0,11.791269884267722,-40.47722931109122,-1.153918444311713
0.0,12.005571438094453,-40.20887417712249,-1.1513520051722048
0.0,12.32914523315635,-40.03561321289275,-1.1209480267363379
0.0,12.700152351129232,-39.92612747163167,-1.0957883116584468
0.0,12.813024796307477,-39.8105762657686,-1.0992799805803015
0.0,13.172636700358249,-39.54107233510739,-1.0961586241252905
0.0,13.459663824237627,-39.54977630269581,-1.0781371327845544
0.0,13.69636595572057,-39.21616497456152,-1.0124885379509874
0.0,13.938722611138974,-39.16499596770877,-1.0205952800614289
0.0,14.325877851848164,-38.844460628977146,-1.0214016680221227
0.0,14.426140094137569,-38.71870257362656,-1.021407296218158
0.0,14.767186458471361,-38.58412812035865,-0.9848568452552653
0.0,15.025253838231874,-38.43298840994442,-0.9680391394207896
0.0,15.327362013262034,-38.13444556479981,-0.940196874380095
0.0,15.61029240625088,-37.9517871454466,-0.9271481562376308
0.0,15.805189304872025,-37.73902085836164,-0.9308535386450176
0.0,16.076869502991844,-37.48263853049868,-0.8865472696646858
0.0,16.239433886437077,-37.22258992691277,-0.9025735995568748
0.0,16.52122256554987,-37.053478838726946,-0.8671439165579405
0.0,16.813028263521552,-36.763640204801156,-0.872434454307568
0.0,16.872658420674885,-36.66952504783736,-0.8291399182416348
0.0,17.261103608715285,-36.40650920076487,-0.8538071615224436
0.0,17.50547959188337,-36.23170289139151,-0.8112304642771024
0.0,17.655181579279876,-35.94637912372592,-0.836294393553315
0.0,17.98003891918075,-35.584895922160044,-0.7704796989187093
0.0,18.11845630322796,-35.49100621397409,-0.7711211677873474
0.0,18.40068513158088,-35.23444652696015,-0.7507241384463198
0.0,18.55133571596758,-34.93591166892382,-0.7215732772652832
0.0,18.78826835029188,-34.68346331542955,-0.6908330687806148
0.0,18.93237159193946,-34.43049372421574,-0.6602247607560129
0.0,19.176634103734354,-34.15650495920095,-0.7225672697524491
0.0,19.428859504384874,-33.913053282900265,-0.6709417445124575
0.0,19.607013331833777,-33.63968694235391,-0.6746545690379453
0.0,19.75314427746492,-33.33046858723849,-0.6935093844149257
0.0,19.96563604438078,-33.093701947411155,-0.6726472377422164
0.0,20.16454739159755,-32.84312108914536,-0.6397727319638584
0.0,20.265756315914235,-32.51861985839005,-0.5711510026747795
0.0,20.401583425361515,-32.21819296023742,-0.5691815536908877
0.0,20.565572750439802,-31.92914457852181,-0.5611278912368545
0.0,20.721735247253275,-31.608931700387554,-0.5093755311106859
0.0,20.850394930878917,-31.472226658040498,-0.4959263313017215
0.0,21.029387537485924,-31.12456070638494,-0.5041814339733102
0.0,21.05950967751813,-30.804569138378827,-0.48495065499699835
0.0,21.175776723733925,-30.415115794552612,-0.4654452658671591
0.0,21.34152409070339,-30.288506227785902,-0.4595871487316434
0.0,21.451156369228904,-29.855520549391112,-0.45171116260808
0.0,21.657992294603993,-29.683866963823565,-0.4416804448790674
0.0,21.789052320677417,-29.293463160373935,-0.420798330328228
0.0,21.84550297450385,-29.011162974562666,-0.45311232375745025
0.0,22.098122279231735,-28.670960822754886,-0.4035739186487637
0.0,22.194689445771193,-28.38516276708163,-0.43015542392380135
0.0,22.34267309028905,-28.07903332946417,-0.36292304165176986
0.0,22.28888080159327,-27.796554526132475,-0.32995297701994547
0.0,22.410141212025838,-27.484675205873074,-0.31211734714294576
0.0,22.56427924383577,-27.103601507938528,-0.32035856835723486
0.0,22.58807328501398,-26.75898051096696,-0.29053584907223057
0.0,22.70905417289895,-26.403606372173734,-0.27272163423859586
0.0,22.716544332351422,-26.13035611606373,-0.247514390758619
0.0,22.828114057777558,-25.717203456519254,-0.261799534210129
0.0,22.881234712020166,-25.540463928203422,-0.2427317050981974
0.0,22.908201123256834,-25.149978449879914,-0.21677835674076953
0.0,23.005318584527267,-24.792151414282305,-0.16348075626044822
0.0,23.020365168944828,-24.465995890733584,-0.20690488464833318
0.0,23.030421376780726,-24.177941662243306,-0.2139997781450689
0.0,23.06410453526154,-23.96712322618436,-0.15632034992014762
0.0,23.096840754429056,-23.501492631545876,-0.12926770368132884
0.0,23.170627209325563,-23.242609366113406,-0.10594380030481326
0.0,23.11791124602569,-22.920655928519015,-0.08044045022080505
0.0,23.248637173503507,-22.6069949498224,-0.11434663280428754
0.0,23.259851463720477,-22.1857124357439,-0.1392554598495822
0.0,23.208913472323896,-21.836279312361253,-0.08944691919556198
0.0,23.20986352489987,-21.595097288742572,-0.06475117658321525
0.0,23.22518891122059,-21.261956145970398,-0.02064397641666925
0.0,23.13539756779053,-20.9239404779455,-0.03889409698042222
0.0,23.159830328150257,-20.625658179967356,0.025723343147913174
0.0,23.10386637089761,-20.258600202304,-0.018178470314721133
0.0,23.11837896312502,-20.01258595723907,0.03081400538139871
0.0,23.14867173012864,-19.581008306246904,0.04093949304256463
0.0,23.11252812684812,-19.282032162441645,0.07017787507475536
0.0,23.022722008309657,-18.99924666169583,0.1089316952160816
0.0,22.918946118096905,-18.655052969066414,0.10075368181346257
0.0,22.936062505829337,-18.443408902162446,0.09061692694459818
0.0,22.84592974606304,-18.01302592952075,0.16200344325252705
0.0,22.812977199127456,-17.700017249710942,0.11913613792552023
0.0,22.853948208586157,-17.42459477935847,0.18246115791357728
0.0,22.71847831877753,-17.090800328576893,0.16065952347934995
0.0,22.664518445562837,-16.785354787665796,0.19373977788083854
0.0,22.6032346896773,-16.437172400456827,0.1858538838677255
0.0,22.46929913618452,-16.125836546456938,0.2106623817067
0.0,22.46317826489863,-15.743321994093654,0.25973345333359177
0.0,22.29908119151911,-15.580595808840696,0.23101010436425334
0.0,22.22255386304101,-15.107527615026028,0.2558768107170456
0.0,22.04556911900534,-14.788743257407178,0.276091634194516
0.0,21.989103515701753,-14.551646135989103,0.3068482346486697
0.0,21.818095503396908,-14.207107647033009,0.32482832069188416
0.0,21.651493319027935,-13.910255500649393,0.3209241855700792
0.0,21.541260760422734,-13.653116355822927,0.3415054582484883
0.0,21.47361817277688,-13.314356631872846,0.38749277284959055
0.0,21.370705266379655,-12.982287408547284,0.3829637037023207
0.0,21.135831687121815,-12.730461763865998,0.38172608902843697
0.0,21.118254991075155,-12.401819014856194,0.37365788509122594
0.0,20.845342071383545,-12.171084112091,0.4331373910886935
0.0,20.70852757460156,-11.817971158248383,0.44981982100663026
0.0,20.521837029290847,-11.639466148313387,0.46729271622196505
0.0,20.332775398173467,-11.386440907556231,0.44740875208556435
0.0,20.1907192773652,-10.983411032030945,0.46838390501490623
0.0,20.040718844110053,-10.774659803795855,0.48268096333221605
0.0,19.94638144084189,-10.508711350001729,0.5200999749721619
0.0,19.647521744145845,-10.233545282157348,0.5460146085733085
0.0,19.507330480219856,-9.834415174204846,0.5116567046293512
0.0,19.34657255171243,-9.577652294974682,0.5831086619742454
0.0,19.206968979369645,-9.382670801193607,0.5798051643726888
0.0,19.027895615574106,-9.107135522088456,0.5876996909448295
0.0,18.74510340224552,-8.892529342008746,0.599440604043563
0.0,18.641771675157,-8.550211969993933,0.6089270050076118
0.0,18.328807584536875,-8.32906193437593,0.6459700508810976
0.0,18.219755967955994,-8.127769584020934,0.656934931399208
0.0,17.967887073594394,-7.890110430777243,0.6428677449183354
0.0,17.733783809554215,-7.54741868871961,0.6971764774447028
0.0,17.470572292091365,-7.367655516152847,0.726133434528749
0.0,17.275876667582086,-7.1836934480754975,0.681839245918999
0.0,17.008757389672038,-6.84629562207944,0.6924814700010767
0.0,16.765074440613255,-6.58255980107531,0.7697269087970957
0.0,16.578738723365525,-6.421151254832428,0.7709490848534932
0.0,16.251330793371434,-6.179205459862216,0.8011764995251387
0.0,16.04137133842912,-6.086569653620118,0.7852972210274035
0.0,15.795639194091473,-5.728672187839401,0.8300187391260606
0.0,15.563222477031339,-5.6169817618910445,0.8510121446618959
0.0,15.34343559366223,-5.3725376210097044,0.8652849857039674
0.0,14.97947945531502,-5.191273122025258,0.8380161271364772
0.0,14.830946438344714,-4.965058721254085,0.8744506810543108
0.0,14.504009378697567,-4.672973304908888,0.8954828898044143
0.0,14.288100432568852,-4.637997713311626,0.8823892418595037
0.0,14.066315203441558,-4.38765925687179,0.9433414724575395
0.0,13.712912031622826,-4.217611333034313,0.8980245674916676
0.0,13.392549209168957,-4.026295479749247,0.9590079340242332
0.0,13.14032316571287,-3.797128932024852,0.9756014495202442
0.0,12.80568571764413,-3.670342659074696,0.9869520865978562
0.0,12.51529063662872,-3.486261646787974,0.9911697179045089
0.0,12.283092971158743,-3.27731915628799,1.0412456342725673
0.0,11.99616345715864,-3.2032871924864352,1.0449731234184645
0.0,11.663242630902172,-3.0355582155112373,1.060562236206166
0.0,11.362659815485202,-2.9181428288972735,1.0748633025782477
0.0,11.003053394108539,-2.6992119943671553,1.0408072449829724
0.0,10.845056898037507,-2.5809948777064804,1.0592308508948465
0.0,10.460627516311629,-2.4384039568332616,1.147400133873775
0.0,10.191975902719625,-2.4149597377681085,1.1448235454063527
0.0,9.866477641582973,-2.2115703822189525,1.1407197766876573
0.0,9.60759959075826,-2.1642702755126284,1.1587425002024074
0.0,9.268160342659732,-2.092884846092803,1.178205890736366
0.0,8.874816799002987,-1.956270890215541,1.1762828666799716
0.0,8.601915464769743,-1.789678371413966,1.225012798126329
0.0,8.381315493369282,-1.7623775943380353,1.1986936544059532
0.0,7.910937457209574,-1.5582572341585925,1.2485099893311296
0.0,7.7613037384831545,-1.462562018873604,1.2706050222434166
0.0,7.3418179160214105,-1.4035973385611111,1.2686380518022948
0.0,6.999937306942812,-1.3712687305223634,1.3171699912731276
0.0,6.759763362809662,-1.451392133828475,1.3084529051444898
0.0,6.346018246746229,-1.272499717379209,1.3179488818522427
0.0,6.0476186607180775,-1.1659697784687302,1.2456311841785939
0.0,5.810207147742786,-0.9266976214521073,1.262387951812061
0.0,5.564260239073335,-0.946474498620353,1.3084210152716278
0.0,5.115087731968279,-0.8100359412595107,1.3157369971927253
0.0,4.843812285062889,-0.7988326126190405,1.357485219749877
0.0,4.572836155578965,-0.645206126248603,1.3388830104426384
0.0,4.066876794790588,-0.6400977585406944,1.3366951410946661
0.0,3.8799746429098696,-0.7627936142242719,1.3538870936568321
0.0,3.6318595528938964,-0.5728540618832421,1.4058264710050266
0.0,3.188780454810449,-0.4362976149254151,1.3403304985936602
0.0,2.848826102002091,-0.42360634519389534,1.3437367660356343
0.0,2.5427065029806366,-0.27291257773984356,1.3546618038541918
0.0,2.2849795345963924,-0.3820104796353851,1.3808797866782032
0.0,2.0072814293109134,-0.23074793792829593,1.4099794982143108
0.0,1.6640951382312552,-0.2025769065919359,1.374858416499796
0.0,1.2062361516768436,-0.09871816709860966,1.371381519383087
0.0,0.9305076644985918,-0.02187361437952211,1.4094271549073525
0.0,0.6842698126640274,0.03755356015352257,1.3809278797204776
0.0,0.2653840265170109,0.021805617333047766,1.3108965831570376
0.0,0.007008105384389241,0.25009595753460445,1.2837911204435402
0.0,-0.3021244664397592,0.3321335073524392,1.2458042929922644
0.0,-0.5167607428904936,0.47925707618875574,1.268232923390994
0.0,-0.8937877307000895,0.5795889587817235,1.3112751023696916
0.0,-1.0984586117718147,0.6214862723210202,1.2878073814307212
0.0,-1.5383865826011227,0.7561093786867653,1.2507051572286463
0.0,-1.9090687493022651,0.7797641111046466,1.3008578068230563
0.0,-2.252246596804931,0.8991524138156698,1.259142989058874
0.0,-2.4487979562409956,0.9780684207744708,1.2598778730843962
0.0,-2.772730608849715,1.1321081869342091,1.222995690840467
0.0,-3.0890779063345883,1.2935801862528011,1.2021483756062474
0.0,-3.37281739340108,1.3714796319128695,1.2006977747563141
0.0,-3.6136089840451855,1.5477831714329515,1.185067474180959
0.0,-3.9713235218562017,1.753757647480218,1.136943739864553
0.0,-4.249020291789484,1.8538799457734594,1.1443037064374162
0.0,-4.567261234509072,2.0099933275489295,1.1375288591141828
0.0,-4.877739289732907,2.1090027106293454,1.1027009221102493
0.0,-5.070864916325126,2.2831615236932565,1.1194005977017751
0.0,-5.351230795215913,2.4517154606391287,1.0907506151508173
0.0,-5.643083971657854,2.6384214324829993,1.039556104924035
0.0,-5.990278816210326,2.840324263970484,1.022083577989525
0.0,-6.200879511230674,2.989592055222176,1.0060205229363388
0.0,-6.540128773258292,3.205046750615637,0.9766973269024728
0.0,-6.763027756086498,3.3918777830544506,1.0177293940555563
0.0,-7.0164727326444805,3.5754367882929614,0.9730268848388789
0.0,-7.348704627951232,3.746360430820591,1.0105237219029235
0.0,-7.576551941712957,3.9325243254823237,0.9831769377150776
0.0,-7.846647832907686,4.157538521360583,0.9691954338667382
0.0,-7.997991917261355,4.31519849969526,0.9217215752707979
0.0,-8.291025378865191,4.549162825004588,0.9248520641558492
0.0,-8.612253529829331,4.688262591166921,0.922391090096252
0.0,-8.822991301003954,4.989424356064069,0.929866568153976
0.0,-9.142676403219093,5.118310197032672,0.8848672037385885
0.0,-9.272089880550658,5.378950276547635,0.8647265731197482
0.0,-9.529276451569546,5.666797721640036,0.8885107909582621
0.0,-9.781551394376617,5.92155030342809,0.8279758203471997
0.0,-10.011072653203037,6.086243896703061,0.8397525567121129
0.0,-10.150576404577135,6.354890169876467,0.8206003799808365
0.0,-10.400674442659453,6.625182107327463,0.7605067722150111
0.0,-10.667790192508905,6.826656505440909,0.7866946319315312
0.0,-10.831834730491758,7.091088178517453,0.7523455299677965
0.0,-11.104141377204018,7.359419039069851,0.7756834899199522
0.0,-11.26228471711567,7.540981038111795,0.7587574432585349
0.0,-11.563990971873217,7.859977050615879,0.7339203630187989
0.0,-11.69756556021129,8.106033591371476,0.708304471522213
0.0,-11.959430872765132,8.418054948082505,0.6692477072442033
0.0,-12.02275680111353,8.62859389954427,0.6644429045603772
0.0,-12.179289477012604,8.868503883372286,0.6702528813741494
0.0,-12.46179694395613,9.206734541639413,0.593785868710964
0.0,-12.583220845481087,9.468099995905202,0.6513228697126929
0.0,-12.796606295516346,9.739750182992799,0.6482532336129028
0.0,-12.991825033461913,10.020122648814914,0.5831702575281419
0.0,-13.206106586867643,10.355478279972642,0.5731609204225244
0.0,-13.302364162578444,10.622556756565904,0.6071061926984399
0.0,-13.57832762350704,10.845982375088987,0.5722684037755926
0.0,-13.71430118632166,11.208517483912622,0.5732896842147099
0.0,-13.726973532633,11.387627180334562,0.5238201403237847
0.0,-14.05819997712786,11.732703711030432,0.4711980009103589
0.0,-14.143630913547243,12.059344364560731,0.5289575034558861
0.0,-14.211587151642435,12.360053682675796,0.4244341333271914
0.0,-14.277522386321563,12.58979422623093,0.44088187886630936
0.0,-14.420661047303263,12.895577002574946,0.42675877321280015
0.0,-14.681220492443725,13.167836387909302,0.4162683997056248
0.0,-14.753290653676688,13.573110569492059,0.3834028438416805
0.0,-14.832463280560788,13.836678201207235,0.394727928290446
0.0,-14.951291142596485,14.202476458511272,0.40889119328237716
0.0,-14.991498958072313,14.49477332818983,0.38231324311111753
0.0,-15.174577817816829,14.822928891075472,0.3783637913975889
0.0,-15.24785397962532,15.14290153716522,0.3428691954031804
0.0,-15.425664559383401,15.405660295506774,0.3421607493106741
0.0,-15.482839977022158,15.731536000214339,0.28965420947243153
0.0,-15.488292608405455,15.972640657792043,0.3058512382105683
0.0,-15.679151481619195,16.311947508546883,0.2662026488710505
0.0,-15.686621962316021,16.701895437800207,0.2457593230015833
0.0,-15.689691312892531,16.98924164309345,0.22778252262363047
0.0,-15.772658013236313,17.345826057388745,0.25406981288779584
0.0,-15.922850508465546,17.737168725133497,0.225738128550626
0.0,-15.85102857488487,18.002946565514012,0.16120746407334108
0.0,-15.885129516703264,18.30899997306889,0.17361316420232858
0.0,-15.872301560989143,18.69391567725214,0.15354620100555053
0.0,-16.007569459092515,18.938124568703163,0.12824190939692146
0.0,-15.964527810312692,19.339269527029128,0.15638992446025174
0.0,-16.051864900357828,19.659015178404715,0.14157288930382558
0.0,-16.126980251443495,19.928587259568467,0.14636735773859907
0.0,-16.113509254710316,20.278747132366288,0.1201412613833968
0.0,-16.09814260495463,20.66205446850908,0.05948535477309322
0.0,-16.119004934295106,20.987812313878507,0.03046249464174193
0.0,-16.11841033702455,21.231255132313514,0.07691545173305873
0.0,-16.092899341711057,21.590285675546156,0.0007526697255937151
0.0,-16.049501069358215,21.90936462254218,-0.014888343406879195
0.0,-16.044884815055106,22.259397806276226,-0.012171648113148336
0.0,-15.991852061528103,22.613353412952186,-0.00873882423813142
0.0,-16.081328460390907,22.964456912192226,-0.057302926205626985
0.0,-16.095974472962105,23.379735355670874,-0.03410033256116281
0.0,-15.995987621694493,23.60473544109569,-0.07447715503482898
0.0,-15.839312041476214,23.916691201052572,-0.08197152030406345
0.0,-15.896689146427242,24.256684850026357,-0.08752138334502786
0.0,-15.811994112599807,24.56998364510884,-0.1290649881014112
0.0,-15.732553991968976,24.841777886422868,-0.12159071550991363
0.0,-15.680586982695589,25.104618604395373,-0.13699025472059165
0.0,-15.547032060197699,25.524316199661275,-0.14258577296402772
0.0,-15.571441554473715,25.793711735169254,-0.18760471023394873
0.0,-15.464713567722127,26.18501636726118,-0.2098929637510426
0.0,-15.359088949185205,26.445219729492035,-0.172702363008644
0.0,-15.37295265268582,26.761292333690523,-0.24961217511962927
0.0,-15.26801078934149,27.117864384171117,-0.2486507525892804
0.0,-15.119760491394375,27.460766038415734,-0.28376073863136125
0.0,-14.99301041564878,27.77337335425777,-0.28445972024336474
0.0,-14.892519481917377,28.083141950324794,-0.28175848617579896
0.0,-14.81644244416673,28.326421892252352,-0.28320104792704054
0.0,-14.622044767245905,28.641762457405324,-0.3346284566173439
0.0,-14.66292329310662,28.93375734184581,-0.32787330912143403
0.0,-14.399780843509856,29.28700093800356,-0.3289587934928949
0.0,-14.274775627591843,29.59220884641155,-0.35690731219960936
0.0,-14.141404206475372,29.904305510530225,-0.36751396588498575
0.0,-14.106622044924045,30.157230490293223,-0.4006847612855655
0.0,-13.901836434377033,30.426413857922682,-0.4267365247782944
0.0,-13.785254132220057,30.695682621864517,-0.46004784113023717
0.0,-13.579534405141349,31.011012742068875,-0.48150289611095753
0.0,-13.453273142709413,31.38331971815202,-0.4759476195413408
0.0,-13.338509156288344,31.564289074690258,-0.47231393101133967
0.0,-13.10954622700942,31.803692408765457,-0.4880657340991368
0.0,-12.990618525249236,32.196116027919835,-0.5001413739061559
0.0,-12.825258072428719,32.34651194682018,-0.5340664062504702
0.0,-12.645107589572596,32.74485803235068,-0.5441823784903712
0.0,-12.434362679533434,32.92544021038525,-0.534750224058379
0.0,-12.367870658851785,33.27211608084709,-0.535121168638424
0.0,-12.034630246914801,33.47402511150306,-0.5875988415763949
0.0,-11.825393789305398,33.72022488754649,-0.5492573745582582
0.0,-11.54438576127789,33.90040543720234,-0.6349270769336857
0.0,-11.46580058598963,34.24896075489044,-0.6593140680314256
0.0,-11.197783766983546,34.517159795389006,-0.7121086110298308
0.0,-10.979448435675328,34.74854289891282,-0.6486559469245541
0.0,-10.856450900346031,34.94623108324783,-0.6626704331825269
0.0,-10.684800548202384,35.27065099077785,-0.7063238957942737
0.0,-10.368939333507415,35.43016515512877,-0.6745137914759877
0.0,-10.145340228343038,35.66151244268541,-0.7129109709270416
0.0,-9.91995383359309,35.97689404210594,-0.734226027818037
0.0,-9.707255722393526,36.11878374504012,-0.7308902675574565
0.0,-9.46503130563945,36.4096683955048,-0.758895579709743
0.0,-9.195410331901565,36.63001488052223,-0.7831939448169264
0.0,-8.987976317080598,36.830701763714444,-0.8207419613403747
0.0,-8.633414369534893,37.017425483002135,-0.8352481924622399
0.0,-8.464563720935995,37.23745985233741,-0.8152529351774785
0.0,-8.250667151886026,37.53446505366318,-0.8610832092750629
0.0,-7.914596729600954,37.74069899300819,-0.874592210307847
0.0,-7.653436409929758,37.911564687048006,-0.8692116219274372
0.0,-7.478250449004975,38.12193247075881,-0.8934911796392213
0.0,-7.1362019746428595,38.175272940293986,-0.9071304453326935
0.0,-6.869558634046087,38.45967389001183,-0.9684213325518108
0.0,-6.702601708384705,38.627741674707686,-0.9108382600138929
0.0,-6.258703092136344,38.78314034095738,-0.9430877143713896
0.0,-6.05169782644006,39.011964558628094,-0.9636327362231436
0.0,-5.7597389303849855,39.215090136759066,-0.9718666944876412
0.0,-5.636532496433262,39.33009724102492,-1.0186190548390506
0.0,-5.248907630568895,39.446696580286094,-1.0194329885064266
0.0,-4.976754569388897,39.729850608127045,-1.0597820727496712
0.0,-4.626339842565505,39.80069027858699,-1.0373867498476597
0.0,-4.341119495573885,40.00473007400921,-1.089916447285579
0.0,-4.041063218755835,39.98781900936348,-1.1182244285384006
0.0,-3.7678332116019977,40.21662771392647,-1.0886225893110715
0.0,-3.4961967252232116,40.32169444175876,-1.120101073580118
0.0,-3.2083112489608396,40.44429223057224,-1.0709136418382992
0.0,-2.7924229310422035,40.61846883397756,-1.1350186518571095
0.0,-2.5775212295451504,40.76634859389617,-1.1701607414306443
0.0,-2.230833362525055,40.895675341044964,-1.1719154526564817
0.0,-1.87332002426436,41.023785771824656,-1.2295865637225156
0.0,-1.5707446605148805,41.01977081310972,-1.2261996100682362
0.0,-1.2934618045392787,41.163396339645196,-1.2536009563625476
0.0,-0.9812077068209366,41.202918110099404,-1.2219840523690282
0.0,-0.5891235278321363,41.37675021687802,-1.2228089333677543
0.0,-0.3233277450231779,41.440017168057196,-1.2561548011197152
0.0,-0.01828051692993831,41.56441650760571,-1.3015299613206543
0.0,0.3790884991600956,41.60411521223902,-1.3369246744679057
0.0,0.6033781260080165,41.54016213671944,-1.2795454776214013
0.0,0.9302872747889709,41.73568281076213,-1.3371415682178083
0.0,1.2751914583856792,41.772218586635596,-1.3466945976509495
0.0,1.5866357737726107,41.77510051620026,-1.3907753749165588
0.0,1.835391821022709,41.850808847161524,-1.3373842608600266
0.0,2.2005324625108247,41.928487379411465,-1.391010797494728
0.0,2.5634659628229515,41.88625792652408,-1.3746415764026
0.0,2.9397117655654017,42.01979914338625,-1.4143503211823372
0.0,3.258455165325636,42.055566158595035,-1.410796400953076
0.0,3.4641959739577683,41.98777878873415,-1.4826050269209008
0.0,3.797511716135958,41.987924623584874,-1.475089932118561
0.0,4.190439415019494,42.06701754853055,-1.5299673050806943
0.0,4.511057178246787,42.07833736089062,-1.509467402055374
0.0,4.84277746145294,42.04098209394417,-1.519092903303858
0.0,5.0795141562271064,42.05677551284327,-1.5236682209548285
0.0,5.446458167851187,42.073216993818725,-1.563478299225415
0.0,5.82893762814727,42.053631365005174,-1.5678912302271297
0.0,6.0864976932885915,42.03517210408821,-1.5912813153114505
0.0,6.438402118495747,41.959453830270796,-1.5855758174534114
0.0,6.786101650010261,41.97628201025513,-1.6392616629935546
0.0,7.187215256467462,41.91578729424505,-1.656320844605904
0.0,7.449671497410721,41.94853091517068,-1.6582338634573577
0.0,7.893331887362111,41.94263047183843,-1.6491569895044036
0.0,8.092338718300015,41.8506968015997,-1.650574510288073
0.0,8.52297713698463,41.71093864103342,-1.6531014233518744
0.0,8.860068436866582,41.76420544200795,-1.7166991464104355
0.0,9.130733679599134,41.730621988900936,-1.7258203072510792
0.0,9.432765103632232,41.6507887588798,-1.703252447646457
0.0,9.733358516090416,41.57014855300229,-1.7054435053089783
0.0,10.020395623056952,41.41163889890432,-1.7994232494393418
0.0,10.364478506937392,41.396204525561544,-1.8089330126455634
0.0,10.745183424076975,41.207137269033566,-1.8264676845855286
0.0,10.925665309879925,41.080377630707744,-1.8579550383670644
0.0,11.316460128722566,40.98794780194117,-1.8319529302292432
0.0,11.658443795608834,40.96579034783624,-1.8607708094196482
0.0,11.949514518818791,40.897526294956144,-1.864202138989985
0.0,12.2677292535835,40.72867838758545,-1.8613604460213962
0.0,12.510926566042498,40.58748808286975,-1.892835907422982
0.0,12.889129328538756,40.51376137324821,-1.9136616573247356
0.0,13.137081341758487,40.47863426995729,-1.9117954986432109
0.0,13.489569774277674,40.29627127351588,-1.9141074559580191
0.0,13.853421451379061,40.06789375922215,-1.973035770477825
0.0,14.029899503686721,39.89613351799246,-2.0013160965011774
0.0,14.333392585040624,39.82278394850814,-1.9783160777451911
0.0,14.702552360851856,39.573218458351654,-2.002874551815514
0.0,14.952248452524163,39.53934189550265,-2.038258086056501
0.0,15.124136121397838,39.35414255321515,-2.020567830158039
0.0,15.407405096920206,39.18801264819729,-2.0110203665906083
0.0,15.734658314648108,38.97637493172003,-2.051670379528882
0.0,16.011737600146553,38.784944037331165,-2.130973136617813
0.0,16.330369021447993,38.742503011392515,-2.095781074416794
0.0,16.609512872346823,38.46242303640513,-2.1160983016740635
0.0,16.89519300494417,38.27077636327872,-2.0914879549825023
0.0,17.211596984908805,38.17421453283104,-2.1141279385061558
0.0,17.454278094699642,37.949263690044354,-2.1394449375735576
0.0,17.616842654332046,37.695298979048204,-2.1920475661725236
0.0,17.889720695580714,37.564890260372636,-2.2454272911330806
0.0,18.144891119644917,37.34719422590461,-2.212819628012959
0.0,18.469641244296223,37.10658645596332,-2.228689173122498
0.0,18.629878569911142,36.89251242657908,-2.23648469607342
0.0,19.007275545711146,36.59110983126062,-2.2556421183011928
0.0,19.18731592858779,36.443722547095014,-2.275504440129592
0.0,19.494078108250925,36.28433490743652,-2.2707242645490617
0.0,19.614237449745914,36.0631697267111,-2.2990633705033297
0.0,19.85860762625859,35.78617867418387,-2.3238094159462377
0.0,20.15411717865651,35.51211483336814,-2.319261880027659
0.0,20.39838125349876,35.24317044092394,-2.331751636720947
0.0,20.631366619754697,35.075031555178455,-2.3935900621612003
0.0,20.782106132599132,34.79039818067167,-2.3646855234122373
0.0,20.991968304606115,34.57117249927277,-2.4040279444995565
0.0,21.212540554801247,34.425099687745316,-2.4057557418354016
0.0,21.375067257212713,34.123561675837394,-2.4420166910432566
0.0,21.599137360745146,33.72992777451307,-2.4602555352419238
0.0,21.802317258463727,33.604807490559345,-2.4116078549298328
0.0,22.01229431764053,33.328947189056066,-2.4891708812197924
0.0,22.160775130588565,33.006838969917005,-2.48373267040174
0.0,22.366482500933614,32.819901897373576,-2.475064058401948
0.0,22.54509757680786,32.46164445878545,-2.4884640373711515
0.0,22.69944953784336,32.15451519712786,-2.5289137795204484
0.0,22.838661943124038,31.885744167633405,-2.543063360701253
0.0,22.99529464495932,31.646606456336592,-2.564094711502707
0.0,23.245997707315585,31.37405801111233,-2.6155272037009345
0.0,23.321189227863904,31.11049457255638,-2.61779052887833
0.0,23.571002056384046,30.768671116675595,-2.6093886017897594
0.0,23.65322775097813,30.492452753130717,-2.6230898969006304
0.0,23.806139384665283,30.267815108336723,-2.597897586620096
0.0,23.95146037323762,29.92438314987108,-2.6579817123080076
0.0,24.112849843799786,29.609199331926824,-2.668924228988586
0.0,24.216176354279714,29.33587286710723,-2.6773085000411543
0.0,24.397076748525343,28.949114975211618,-2.673478641084784
0.0,24.473173909238994,28.801497884724586,-2.720817773666114
0.0,24.528737051687834,28.41286662593364,-2.753971988958096
0.0,24.68477266524794,28.099909007211934,-2.7717762661655607
0.0,24.73966660840269,27.767237616760795,-2.760976335868186
0.0,24.920588725506846,27.48559760123115,-2.811556568084705
0.0,25.008956453314397,27.155446332954146,-2.7949090973046347
0.0,25.068417631152595,26.939387260915833,-2.858076067292003
0.0,25.13894169256131,26.544056837758717,-2.83982814136125
0.0,25.20392546978526,26.19448601296954,-2.829283925952406
0.0,25.33120703821204,26.012705038631577,-2.8413491368587636
0.0,25.439527565708513,25.66687874200185,-2.877395783859787
0.0,25.40333194945593,25.30240510145208,-2.8672366423709015
0.0,25.577242473519142,24.973704065257913,-2.923744236082408
0.0,25.642195326221625,24.599101456433548,-2.939264720669092
0.0,25.644634704604584,24.34295129021846,-2.9046988173130943
0.0,25.826895413228197,23.99254903801475,-2.947794972815903
0.0,25.754001980368926,23.655221285323737,-2.998854292703163
0.0,25.868527506383565,23.235219775645245,-2.98494570391347
0.0,25.808228976993917,23.00425041574027,-2.973889098873474
0.0,25.851843209286987,22.59174902362396,-3.0192049044352274
0.0,25.944286616052544,22.256880748301764,-3.0510571614090543
0.0,25.82067023163947,21.929020862066334,-3.045506077210738
0.0,25.957771033079922,21.731071611961458,-3.0757214553444863
0.0,25.905729824093235,21.38670059748154,-3.050308366132353
0.0,25.881612018915348,21.028401960728853,-3.1040305644536885
0.0,25.930567773624414,20.783322341671905,-3.1267083542092498
0.0,25.925737564179702,20.36878033109443,-3.0997193737325572
0.0,25.881162969368365,20.055054550275035,-3.1193036803022554
0.0,25.8076594464973,19.77671246828853,3.125606193078354
0.0,25.834884392455976,19.437796086263024,3.1109186902778743
0.0,25.773314321353446,19.16569247693823,3.062762951946482
0.0,25.63915973180269,18.82788158424381,3.097993629251155
0.0,25.686126690142952,18.399463002344948,3.064337732923147
0.0,25.66422515714649,18.152758449147544,3.0794734326688205
0.0,25.627842266519234,17.73274202069406,3.0392060888544328
0.0,25.572234847508327,17.439295002136962,3.026243303157363
0.0,25.48072876977379,17.13690158462716,2.9961986185436387
0.0,25.52781279189086,16.748328719577238,2.9730525414896527
0.0,25.42668769264896,16.434220109156687,2.975650943067691
0.0,25.32995151549612,16.23162477678335,2.963098152744403
0.0,25.138990646388415,15.740129639620632,2.9663717555633076
0.0,25.229483300626036,15.547322392528613,2.9086528325760916
0.0,25.08933788932659,15.192673564701126,2.8882916745594907
0.0,24.912359194503832,14.863231176988311,2.8872813639493824
0.0,24.852850358858895,14.672915644303647,2.890488845055401
0.0,24.649762146425093,14.291535349041556,2.870828950255443
0.0,24.64388532413743,14.00619484504686,2.835938837455741
0.0,24.50320122601938,13.720958187641049,2.838948528449694
0.0,24.30661945314091,13.386143956124924,2.8313889652354205
0.0,24.239683149619825,13.076397135541834,2.8575220385643387
0.0,24.08927429830614,12.787024684034863,2.748950047093204
0.0,23.874742777679206,12.560500650379145,2.7888415219020466
0.0,23.794893686065496,12.168806393249112,2.721933648583865
0.0,23.678809437782835,11.861257386376561,2.766804109408155
0.0,23.527720875485738,11.506131998082605,2.7368559312581864
0.0,23.45441522730254,11.345205009611368,2.6820640643886864
0.0,23.2824448670423,11.071525006003542,2.6753077531332727
0.0,23.15334738279089,10.709428081370268,2.7049849764657505
0.0,22.99609326350932,10.44868958187556,2.662661985734403
0.0,22.794675698769844,10.106311472026157,2.6674859351900766
0.0,22.63708666762801,9.819789472652808,2.645347737778965
0.0,22.54959273416475,9.557973784290558,2.6236087151984244
0.0,22.261618288774528,9.383614199208091,2.6120914802296666
0.0,22.093226214133708,9.13777951138065,2.5641403516656873
0.0,21.899822814714923,8.802715525452342,2.5593173473309876
0.0,21.65350193949051,8.45512681814352,2.5346278746553956
0.0,21.473744540351642,8.232638146849997,2.537673940804209
0.0,21.360287939384836,8.082293136556899,2.5461818261076172
0.0,21.15700476251694,7.789299235169301,2.5301077689600655
0.0,20.953083397898656,7.509677409412402,2.5050514911661743
0.0,20.63237493721431,7.341064387647681,2.4765727945315703
0.0,20.57637505999021,6.980824464377042,2.4647118507724164
0.0,20.225619353854402,6.767721046599678,2.412442848559649
0.0,20.040820556049013,6.53374206186149,2.4452106992269744
0.0,19.797790815475672,6.315187822417601,2.4481676430672437
0.0,19.498711032755075,6.091281315462889,2.4105346099237237
0.0,19.343204209609087,5.902023108055051,2.35075704269601
0.0,19.15272181135122,5.679489725195034,2.3412143704850896
0.0,18.777277107966718,5.439088891619852,2.3062098125026265
0.0,18.620908420611652,5.209201749004387,2.3209639723474766
0.0,18.38643198494222,5.0213355289940536,2.3065805881471255
0.0,18.117525070924227,4.789003751510031,2.3210906943886287
0.0,17.755729875983675,4.532034619510304,2.298503918235451
0.0,17.518155069273135,4.384918893975906,2.2257956518444217
0.0,17.310311261915615,4.1156746516323395,2.2541306684423628
0.0,17.132877618929683,3.993101334882062,2.248580157463798
0.0,16.795204702287432,3.749825379070851,2.220542010391826
0.0,16.535418512649755,3.520879490204075,2.220315510080597
0.0,16.270881495308284,3.4373630929285044,2.1851102636679016
0.0,15.988645162586716,3.3192966886973463,2.171435674857771
0.0,15.57776410687171,3.0453832297597128,2.230857815011125
0.0,15.39967521978371,2.972039333723127,2.1347490225498866
0.0,15.072973551008946,2.870778144705234,2.1228328967331054
0.0,14.847758225974195,2.6525229818331786,2.1116085563104217
0.0,14.53904160716586,2.4141842991794924,2.127674209171578
0.0,14.323603238328726,2.224918916032112,2.1092480439646524
0.0,13.911102495482519,2.130848517896165,2.0851679226112605
0.0,13.642375053375645,1.97969313908169,2.0621857211990533
0.0,13.379282450936472,1.7953511134890863,2.09085853881931
0.0,13.216294690161737,1.773568744299204,2.099145063469499
0.0,12.830302078704367,1.5940876485079818,2.0425739397339733
0.0,12.629810656885041,1.3764715425634524,2.0593643387086984
0.0,12.370975726201207,1.2207840891202681,2.0431708910917012
0.0,12.065577078283171,1.1431793356714033,2.0795525825720063
0.0,11.88778293006873,1.0986703647473777,2.0779561370164585
0.0,11.626333599455767,0.9168908599588841,2.0766122470118233
0.0,11.47639511019794,0.8066981164257265,2.037106251221858
0.0,11.31182641046663,0.6766176333090789,2.0351282534951367
0.0,11.034046792158291,0.5092110181630831,2.087584851751214
0.0,10.890775288909067,0.4781231829269236,2.0404605683968655
0.0,10.614816378246845,0.33866428679655103,2.0873177660829643
0.0,10.496983891297253,0.29253328071790247,2.0237891657289615
0.0,10.326674207613078,0.16458324479155537,2.0787644807726675
0.0,10.270070247921815,0.12199834040812071,2.0466651593143723
0.0,10.034865638436923,-0.0632076289771689,2.0674236539421424
0.0,9.819416347178645,-0.09672305203324966,2.080520267964417
0.0,9.720743381530355,-0.02350225031899689,2.0887389945354244
0.0,9.580084040450703,-0.16003352043931704,2.088964858497693
0.0,9.458752561224049,-0.2827111738772301,2.1266007523578314
0.0,9.272348906807213,-0.25581315550291245,2.0758396354140314
0.0,9.211278099964737,-0.267935602419171,2.07503150396104
0.0,9.138480413963999,-0.4835758380301415,2.0677999255946395
0.0,9.11014166347878,-0.3569676280117817,2.1113269020945316
0.0,9.038211063812629,-0.5926434698952201,2.080259649010907
0.0,8.934604603662125,-0.5357735199881574,2.1063650785343295
0.0,8.871797273466687,-0.5255761847595226,2.0526897640769732
0.0,8.929409657012744,-0.6272122847844146,2.094943170675492
0.0,8.705799971716695,-0.6278715879672951,2.066185570753198
0.0,8.722948488210289,-0.7270856316519057,2.062139241098172
0.0,8.725835303576183,-0.6709421911786698,2.07445414102661
0.0,8.664367089578532,-0.7371081809745635,2.0957981311821126
0.0,8.582499588601529,-0.7321761555152428,2.0566383559757817
0.0,8.501025430821372,-0.800211360357079,2.054964594313571
0.0,8.611149667986686,-0.7779130568463082,2.0841652995585185
0.0,8.612140341814012,-0.7383110451276128,2.07119107254616
0.0,8.545967577407813,-0.7620723578083728,2.082912326611999
0.0,8.610768179078162,-0.6766295461248909,2.079822394951075
0.0,8.587580144191046,-0.7810440759195716,2.0463466754889614
0.0,8.628195384388977,-0.8574774654948392,2.0503915557493086
0.0,8.50659344678467,-0.7624757413490971,2.096045801335356
0.0,8.65182812369148,-0.7927503031273176,2.0769620153147246
0.0,8.586850891287522,-0.7605769337056603,2.0702989315754388
0.0,8.563023524194337,-0.6937705880349669,2.0696789913406057
0.0,8.545759897938499,-0.7282271639863624,2.054230841402479
0.0,8.589854937619519,-0.8504590772599144,2.079996983242977
0.0,8.639979833705903,-0.7302575226418748,2.084071283126042
0.0,8.58308906726921,-0.7116731455782462,2.073925738828358
0.0,8.558242739361068,-0.7442566943219895,2.104002660700502
0.0,8.540066771354438,-0.7353881852365828,2.082751501694859
0.0,8.572240522214226,-0.720205935177587,2.0800022577127013
0.0,8.631337010560793,-0.825236122399518,2.067540652207948
0.0,8.572079413707865,-0.7735605137622744,2.085924335286535
0.0,8.566370816511068,-0.795524792109966,2.0781159218973158
0.0,8.647669048472531,-0.8347537531836854,2.058246993894516
0.0,8.580207066637614,-0.75409761085785,2.061774492562555
0.0,8.593127722774629,-0.8725121047600782,2.039141380371022
0.0,8.622809408758094,-0.7478632847684568,2.0434247447202356
0.0,8.650910727280692,-0.6828841076999213,2.0824598620357406
0.0,8.60714005782941,-0.7609008959465738,2.1198296603588136
0.0,8.628251441818882,-0.8175519056264382,2.0842251605552358
0.0,8.674340241188546,-0.760703068181018,2.097810159505353
0.0,8.66254412572937,-0.8360221628631921,2.079503602875883
0.0,8.591670513689808,-0.8054954916097995,2.101502537301691
0.0,8.577718681966228,-0.812455609278324,2.0523900906695696
0.0,8.565466425765477,-0.8192348890096288,2.0766458000779706
0.0,8.594655270462347,-0.7832131549247741,2.0697155308460276
0.0,8.616865718409828,-0.7858486216038877,2.1190402928217345
0.0,8.69145913802093,-0.8086608687558929,2.074993297353732
0.0,8.587406621058772,-0.7280722206247329,2.048862948892008
0.0,8.640108379826147,-0.7884017492563138,2.069897754914723
0.0,8.575098929823675,-0.799598952529397,2.08383811390342
0.0,8.608105268756708,-0.8255740919569723,2.0547534240275973
0.0,8.623238035438364,-0.7411223318255763,2.0714663744205972
0.0,8.582994971361346,-0.768916318962127,2.11703200460083
0.0,8.662614326134715,-0.7846573462982792,2.0757011139250214
0.0,8.607402204065313,-0.7690705098541419,2.1015256410892924
0.0,8.590314748324085,-0.8068692661906882,2.038244914554793
0.0,8.585927402025494,-0.7605202118413333,2.0848119258981557
0.0,8.597369369470659,-0.7760618000758054,2.0796127238115836
0.0,8.618897488259986,-0.6360071714016795,2.089734279666833
0.0,8.635257511794002,-0.7871392599525674,2.068172418339152
0.0,8.648044210517762,-0.7212258345182987,2.0537368896831376
0.0,8.617896451518567,-0.8036208208565125,2.1117616244621296
0.0,8.611641579285996,-0.7878542057668542,2.081544825050593
0.0,8.620213392250212,-0.8130126538674172,2.0428773370083144
0.0,8.591952616408967,-0.714048888152006,2.0689762067175868
0.0,8.625444471132036,-0.701551213189885,2.1155541651093284
0.0,8.583854940913273,-0.7778230237222601,2.068748916851474
0.0,8.520090602561913,-0.8239933940393978,2.070364055752341
0.0,8.600359867394598,-0.8384104152237506,2.0761061721668916
0.0,8.608845791515266,-0.7752863583669958,2.0673284216081003
0.0,8.593186588532996,-0.7145609740620188,2.096544955728099
0.0,8.587677124026277,-0.781431508219812,2.087033915860289
0.0,8.632419006168584,-0.7049815627336633,2.079023063863146
0.0,8.581069928846574,-0.75314813252848,2.1173937812741057
0.0,8.569596814680844,-0.7352807846860755,2.0848450519083888
