Timestamp,Linear_Acceleration_X,Linear_Acceleration_Y,Linear_Acceleration_Z,Orientation_X,Orientation_Y,Orientation_Z,Angular_Velocity_X,Angular_Velocity_Y,Angular_Velocity_Z
2024-03-06 13:45:51.671,1.9564673218159904e-05,-0.006784086595605788,-9.810475352840271,0.0004053972811562595,6.074093787194201e-06,-2.9183753744780065e-08,-0.0,0.0,-0.0
2024-03-06 13:45:51.724,1.9540750133561565e-05,-0.006790170932972717,-9.810478146807862,0.0004053972811562595,6.074093787194201e-06,-2.9183753744780065e-08,-0.0,0.0,-0.0
2024-03-06 13:45:51.815,1.9304823844049567e-05,-0.00679221343060221,-9.810475259708019,0.0004053972811562595,6.074093787194201e-06,-2.9183753744780065e-08,-0.0,0.0,-0.0
2024-03-06 13:45:51.868,1.705231845779909e-05,-0.0067925698160841725,-9.810477588014344,0.0004053972811562595,6.074093787194201e-06,-2.9183753744780065e-08,-0.0,0.0,-0.0
2024-03-06 13:45:51.918,1.7363694345849002e-05,-0.006788383366696023,-9.81047805367561,0.00040429832065728256,6.125673510101301e-06,-2.9504720134376667e-08,-4.3958423537107514e-05,2.063182166378286e-06,-1.3939805396492055e-08
2024-03-06 13:45:51.973,1.6079161504592885e-05,-0.006815772661914788,-9.810475445972525,0.00040429832065728256,6.125673510101301e-06,-2.9504720134376667e-08,-0.0,0.0,-0.0
2024-03-06 13:45:52.022,2.0594889792348546e-05,-0.006606066885983422,-9.810466970937497,0.00040429832065728256,6.125673510101301e-06,-2.9504720134376667e-08,-0.0,0.0,-0.0
2024-03-06 13:45:52.079,1.8640916879537776e-05,-0.006718180610868999,-9.810489602074986,0.00040429832065728256,6.125673510101301e-06,-2.9504720134376667e-08,-0.0,0.0,-0.0
2024-03-06 13:45:52.131,1.8885511801116535e-05,-0.00678541623132189,-9.81047833307237,0.00040429832065728256,6.125673510101301e-06,-2.9504720134376667e-08,-0.0,0.0,-0.0
2024-03-06 13:45:52.191,1.9237242795393724e-05,-0.006805048810395539,-9.810475259708019,0.00040429832065728256,6.125673510101301e-06,-2.9504720134376667e-08,-0.0,0.0,-0.0
2024-03-06 13:45:52.245,1.9400733453078515e-05,-0.006803400624175271,-9.810479078130392,0.00040429832065728256,6.125673510101301e-06,-2.9504720134376667e-08,-0.0,0.0,-0.0
2024-03-06 13:45:52.297,1.9935979652775264e-05,-0.006801054446279279,-9.810476749824067,0.00040429832065728256,6.125673510101301e-06,-2.9504720134376667e-08,-0.0,0.0,-0.0
2024-03-06 13:45:52.350,1.9891267509801487e-05,-0.0067994636946467,-9.810475352840271,0.0004032105600594842,6.209002245355877e-06,-2.9752587658049053e-08,-4.351042748594346e-05,3.333143750498788e-06,-1.1525191316154608e-08
2024-03-06 13:45:52.405,1.7941778054827028e-05,-0.006822960989373027,-9.810477774278851,0.0004032105600594842,6.209002245355877e-06,-2.9752587658049053e-08,-0.0,0.0,-0.0
2024-03-06 13:45:52.459,2.3016010581113152e-05,-0.006608838252632296,-9.810477681146597,0.0004032105600594842,6.209002245355877e-06,-2.9752587658049053e-08,-0.0,0.0,-0.0
2024-03-06 13:45:52.512,2.042548291187775e-05,-0.006743926267340789,-9.810477774278851,0.0004032105600594842,6.209002245355877e-06,-2.9752587658049053e-08,-0.0,0.0,-0.0
2024-03-06 13:45:52.596,2.065872823495722e-05,-0.006795387703384834,-9.810478146807862,0.0004032105600594842,6.209002245355877e-06,-2.9752587658049053e-08,-0.0,0.0,-0.0
2024-03-06 13:45:52.651,2.089679334682011e-05,-0.006807302037937423,-9.810475352840271,0.0004032105600594842,6.209002245355877e-06,-2.9752587658049053e-08,-0.0,0.0,-0.0
2024-03-06 13:45:52.705,2.084261766323392e-05,-0.00680864013195385,-9.810477588014344,0.004638981205333636,6.198643580150795e-06,5.395388747147067e-07,0.16943149077965675,-2.965557537599158e-07,2.382527725957992e-05
2024-03-06 13:45:52.756,0.0001607070439442717,0.16630814956417744,-9.848892127821689,0.0019202382594900157,7.515236144208456e-06,-2.767632347687476e-07,-0.10875033590187985,5.2659202616094514e-05,-3.342728820418725e-05
2024-03-06 13:45:52.815,-0.0001299764927235698,-1.0918248594685234,-9.765063879994436,-0.0015284868282132592,9.617529497896066e-06,-1.546207607778532e-06,-0.13794907404612666,8.413444235621042e-05,-5.1686020560288524e-05
2024-03-06 13:45:52.868,0.00015051606037168246,-0.32472471251965235,-9.753006047193605,0.0024961493509928863,1.0665532329175447e-05,1.2721402319775326e-06,0.16098557338328862,4.2457278123999854e-05,0.00011417606801419317
2024-03-06 13:45:52.918,-0.0001632475282686401,0.28499829378802055,-9.849625358049856,0.00782441414436702,1.0365286443687425e-05,7.325100509788501e-06,0.21313367907646658,-1.0362311563470507e-05,0.000244480869735713
2024-03-06 13:45:52.974,-0.0008850633533345003,-1.5678295892227356,-9.909398383107671,0.005147408919095308,8.871756496332017e-06,1.230781944405433e-05,-0.10708249553414056,-5.793432629994635e-05,0.0001985007093064572
2024-03-06 13:45:53.028,0.001451347190327255,-2.8359621696788158,-9.74836340437966,-0.0017386303015701583,1.0019734345936612e-05,1.226511859789681e-05,-0.2754425124879332,4.932472086246826e-05,-4.054249944673745e-06
2024-03-06 13:45:53.081,0.0007178116703817098,-0.9508462636795272,-9.605431100468165,-0.001831553969992466,1.067168213884417e-05,1.2761452777891965e-05,-0.0037169525528371427,2.6087164191887638e-05,1.9863939810425706e-05
2024-03-06 13:45:53.131,0.0005679036874806096,1.4557961148716492,-9.766330292371247,0.003144931615956984,1.2416599442839412e-05,1.1699870194353908e-05,0.19905967315224987,6.713452162864222e-05,-4.054402368653369e-05
2024-03-06 13:45:53.182,6.331064083148257e-06,1.0461824682026115,-10.016539775912157,0.004990544489423772,1.2964229346796649e-05,1.1830182149229267e-05,0.07382513637197946,2.1072627704537956e-05,6.024843038494159e-06
2024-03-06 13:45:53.241,0.0003753958998984895,-0.8170681763016834,-9.94039894364742,0.003065049865565066,1.2859373784805435e-05,1.570111382844508e-05,-0.07702042363713581,-2.8105545168929773e-06,0.00015384897176666144
2024-03-06 13:45:53.318,-0.0006297659779635084,-1.2777889675533052,-9.65368804304107,0.002835840584122887,1.2020357447761465e-05,2.104001111759565e-05,-0.00916841426941552,-3.2811275134381344e-05,0.00021353191420657805
2024-03-06 13:45:53.377,0.0002412970132113558,-0.6624894425860033,-9.628279142973724,0.002189993827223258,1.2363904540381246e-05,2.3553262173366153e-05,-0.02583395323390339,1.4504976844856385e-05,0.0001001881589031157
2024-03-06 13:45:53.428,0.0008960780662193603,-0.1916871897168023,-9.847516191915306,0.0009658411242311004,1.4242862705432322e-05,2.2697841132415844e-05,-0.048966169858245985,7.627834225995604e-05,-3.489523767158509e-05
2024-03-06 13:45:53.482,0.0005151551544909464,0.2660027258646311,-9.965998299172227,-0.0004080198850453946,1.5418755177543563e-05,2.2347145999759918e-05,-0.054954445525154626,4.828962206557512e-05,-1.4789954953364227e-05
2024-03-06 13:45:53.535,0.0005310065208902555,0.940820707607217,-9.818960446150058,0.0015384332390823072,1.5724053059475623e-05,2.197330071895581e-05,0.07785815017060789,1.0452008887149862e-05,-1.3767738925630033e-05
2024-03-06 13:45:53.588,0.00044486862567935615,1.0591748482380832,-9.724199403138673,0.004940186068088313,1.5424161827217337e-05,2.4637445713364977e-05,0.13607089073198267,-1.444469818738721e-05,0.00010878315407222253
2024-03-06 13:45:53.641,-8.51683071138453e-05,-0.010387546587954391,-9.812604542409227,0.005989510941948011,1.4464988451706711e-05,2.997715825446308e-05,0.04197361962060224,-3.811683963815338e-05,0.0002144686003109528
2024-03-06 13:45:53.694,-0.00022447945368802267,-1.3459283277463683,-9.87693294535989,0.0014774615440602788,1.3875672662018405e-05,3.2965397426637e-05,-0.18048338916211354,-1.798360001323242e-05,0.00011695778942840074
2024-03-06 13:45:53.746,0.0010713728644747092,-0.9426710795832565,-9.74938450640197,-0.0012833327952619265,1.5263399449264108e-05,3.271773177021974e-05,-0.11043180710898762,5.916623532504758e-05,-1.1357994073633268e-05
2024-03-06 13:45:53.797,0.0005829230907988171,0.9248036801209788,-9.700575755229814,0.00024148077491550045,1.5599222488691452e-05,3.339629719694461e-05,0.060992556967515404,1.144487326581503e-05,2.807232900096925e-05
2024-03-06 13:45:53.850,0.0005589222003535242,1.805829892775673,-9.837027637578165,0.002025902580428116,1.598498846041352e-05,3.160332317043982e-05,0.07137692916722231,1.2904846005027735e-05,-7.062969921553145e-05
2024-03-06 13:45:53.909,0.0002651295249314678,1.121847831211761,-9.944763027892527,0.002866480510177169,1.6767633559206312e-05,3.1416071695453447e-05,0.03362321987211614,3.0223372063271084e-05,-7.038809308286546e-06
2024-03-06 13:45:53.961,0.00012046448705926888,0.258287380812544,-9.850216934121155,0.0027466270138689457,1.5829533157392618e-05,3.351099780427537e-05,-0.004794161233446777,-3.7143318136969744e-05,8.381900169819541e-05
2024-03-06 13:45:54.015,0.00027175029432725085,-0.045648063693147854,-9.703264949036285,0.0039325101006590585,1.4675903159578828e-05,3.876214553792716e-05,0.04743558613303386,-4.690503484933696e-05,0.0002109838209864567
2024-03-06 13:45:54.070,-0.00046828210478855483,-0.23738991622171762,-9.748818169171246,0.002404451726646098,1.5114670953484523e-05,3.992362190391529e-05,-0.06112264768519675,2.0030139634388175e-05,4.551580522077391e-05
2024-03-06 13:45:54.123,0.0010115284456323375,-0.22262796517086567,-9.84211051655222,-0.001251075629690105,1.5988470287430543e-05,3.9704951112296226e-05,-0.1462211983096026,4.080734239345123e-05,-1.0895197612569385e-05
2024-03-06 13:45:54.178,0.0007016502629376343,0.8264607764785181,-9.83723159721232,-2.5477261838007368e-05,1.74277348544584e-05,3.922456609552721e-05,0.049023950342039505,5.562503952920293e-05,-1.8428972935090258e-05
2024-03-06 13:45:54.229,0.00018160320100010216,1.8072339546224738,-9.813091624092616,0.004330203373736534,1.8406941345024784e-05,3.91510296503779e-05,0.1742277681493824,3.2341057746312026e-05,-3.023229852419674e-08
2024-03-06 13:45:54.282,0.0005014477938515397,0.8624925450541826,-9.841372164050135,0.0055836626880859715,1.8051931444823368e-05,4.282602208221498e-05,0.05013898862098792,-1.5336601379550525e-05,0.00014801177461248177
2024-03-06 13:45:54.338,-0.000495683919769729,-0.7349134888680764,-9.829089509990471,0.004047561569160798,1.6994038206220157e-05,4.913678800687251e-05,-0.06144476925861578,-3.866587140983903e-05,0.0002514820245443489
2024-03-06 13:45:54.406,0.00018058747807594915,-1.0870759906797898,-9.756482394802754,0.0005608127302216952,1.6446862463174688e-05,5.198797949661375e-05,-0.13947039721499543,-1.4967144967913976e-05,0.00011169785821388253
2024-03-06 13:45:54.460,0.0016127295425820305,0.09513094685815435,-9.708040398443062,0.00010665879212407177,1.7784211217627974e-05,5.214416797007153e-05,-0.018166155993807352,5.4439074018823255e-05,5.9431707710128445e-06
2024-03-06 13:45:54.512,0.0005794593173398576,1.3492716766774138,-9.820056705900567,0.0008635260534659697,1.8455365415570973e-05,5.2630634380497165e-05,0.03027469573374462,2.528498212465132e-05,1.99758386005417e-05
2024-03-06 13:45:54.568,0.0005134625025083863,1.570382465059398,-9.911817027719069,0.0007350370920046685,1.9210386941769988e-05,5.100799973931056e-05,-0.005139557261323763,3.0423579541788806e-05,-6.502260080202237e-05
2024-03-06 13:45:54.618,0.00033627690180608173,1.2804340399549008,-9.854041503224414,0.002158921324700547,2.0477383419146944e-05,5.061926177048053e-05,0.05695543656127657,4.774414130813305e-05,-1.4556424615792286e-05
2024-03-06 13:45:54.669,0.00013953207703759908,0.9379129585963106,-9.76848555897105,0.003371585284260301,2.0079810210932052e-05,5.149757824085924e-05,0.048506745234419106,-1.8235790040295595e-05,3.618912783797083e-05
2024-03-06 13:45:54.722,0.0004770973760824441,0.31828105727808187,-9.766969179627088,0.004539769706883437,1.9989530056245913e-05,5.599158944113748e-05,0.04672774133634555,-5.196624107035475e-06,0.00018072559164131603
2024-03-06 13:45:54.790,-0.0007262173990730139,-0.32853575725543904,-9.838417357057997,0.0033147709155212793,1.886357220852926e-05,5.8496795693923595e-05,-0.04900033690918605,-4.1964949454528656e-05,9.937008741695305e-05
2024-03-06 13:45:54.845,0.0013902005342953702,-0.44229985442264697,-9.817934501250592,-0.0004821308249823123,1.9072370626313337e-05,5.8438803443818026e-05,-0.151876312358532,1.7244121468682646e-05,-5.159433221363861e-06
2024-03-06 13:45:54.895,0.0007960759253826207,0.5908916714736491,-9.743441551071108,-0.0009129904741970873,2.004880596637852e-05,5.754322017508662e-05,-0.01723438725985953,4.0097630992991316e-05,-3.611522075547513e-05
2024-03-06 13:45:54.949,0.0003079525466023244,1.8950350148167594,-9.787069727535773,0.0041525590692895594,2.0395043754320334e-05,6.02389492894132e-05,0.20262246243402632,2.665041068491729e-06,0.00011191091501466432
2024-03-06 13:45:55.007,-9.301973149571271e-05,1.357287718125923,-9.921149158870236,0.00744228868983666,1.9661274301348617e-05,6.635182742188505e-05,0.13159144885109092,-3.543242481188592e-05,0.0002474825254632624
2024-03-06 13:45:55.062,-0.0006778114586513533,-0.7621280486988552,-9.89553825494605,0.0024056698855516047,1.894673459073332e-05,7.012395059904424e-05,-0.20146741175297603,-1.4850363414376451e-05,0.0001469936530294898
2024-03-06 13:45:55.113,0.0018404554800863962,-1.1450949512423552,-9.670765052354879,-0.0025232694359919898,2.0951754210080074e-05,7.00268409809537e-05,-0.19715776654178102,9.405425817428592e-05,-7.348492215715129e-06
2024-03-06 13:45:55.165,0.0009990672092041806,1.1305894631333067,-9.632584367634912,-0.0005781799949538241,2.232397826053466e-05,7.423051790417538e-05,0.07780368332636108,4.9344031679541525e-05,0.00016981105691817855
2024-03-06 13:45:55.222,0.0024575541894624304,2.6139389064061604,-9.87044898477113,0.0038551502559897094,2.538029953587584e-05,7.475191645702213e-05,0.17733360130990594,0.00010919307096456145,2.442312570044537e-05
2024-03-06 13:45:55.278,-0.0012856078584358467,1.4819327387227028,-10.034771252634624,0.003954023310485403,2.5361626579728884e-05,7.537924460297564e-05,0.003954951632511135,-9.429295913760376e-07,2.519744372822806e-05
2024-03-06 13:45:55.329,0.00031745009520953887,-0.08842793338948432,-9.837432856011134,0.0038367098822355626,2.4624910226170803e-05,7.908228616974517e-05,-0.004692578550189026,-2.8546866624952817e-05,0.00014811328866640858
2024-03-06 13:45:55.383,0.0018391872636814555,0.24203124354258793,-10.070241881923437,0.00921637278754112,3.087531438900247e-05,0.00032078017926189743,0.21519107572147217,0.00032215514516324494,0.009670702387632632
2024-03-06 13:45:55.441,0.08544456958383562,0.5100572297694919,-10.683860774266627,0.0027003291461161227,4.818355070046054e-05,0.000466976515504205,-0.260646875438672,0.0007917327585220965,0.005837962174892832
2024-03-06 13:45:55.493,-0.015604310224335225,-0.7875136657029419,-7.276493896636005,-0.003501881171473084,6.278082316910661e-05,0.00047113639274414833,-0.24808854076896203,0.0006992324411878078,0.00015725025429202925
2024-03-06 13:45:55.545,-0.05455488074317228,1.424775752086599,-9.21581925823653,0.00038641317764678395,7.898297730705309e-05,0.0004993900538550672,0.15553225906952034,0.0005752689789697122,0.0011398312551040449
2024-03-06 13:45:55.598,0.012509140046152126,2.9876993481324363,-12.011796131169794,0.006540224278436187,9.632116163582433e-05,0.0005205018935200353,0.24615454477511067,0.0005763013828944034,0.0008605430994205917
2024-03-06 13:45:55.654,0.00023596362000447328,1.043311573370462,-11.003320793463514,0.004478700820462451,8.234216448439237e-05,0.0005262530600684336,-0.08246250277482825,-0.0005152297999930904,0.0002244578674263387
2024-03-06 13:45:55.713,0.0006057437584473864,-0.7037246614788121,-8.419896588274534,2.709776312103159e-05,4.762058495459846e-05,0.0006032093410511335,-0.17806557436540416,-0.0012950404670013659,0.003063833129850558
2024-03-06 13:45:55.767,-0.020674900336779507,0.15490313954645757,-8.50089217205951,-0.0026155042387491045,2.5077228989907664e-05,0.0006787754951770675,-0.10570480438923915,-0.0008458556275625725,0.003015495285438279
2024-03-06 13:45:55.822,0.01211056587224421,1.8546732309383016,-10.605120434555094,-0.0010154359291588526,4.583029043295263e-05,0.0006837234417887695,0.06400338406993508,0.0007864769696552475,0.00020035641017421795
2024-03-06 13:45:55.882,0.014133641320208622,2.658219381171103,-10.692642400670087,0.0019215346599128183,7.742659853583269e-05,0.000683102450736501,0.11747971615600994,0.0011834976463991269,-2.16117542061021e-05
2024-03-06 13:45:55.934,-0.005582780763411263,1.6689381700792847,-9.64528742068479,0.0020998083116575057,9.190794689515244e-05,0.0006812267840317314,0.00713136139056802,0.0005742250216039474,-7.568002704900897e-05
2024-03-06 13:45:55.987,0.0029003191586150314,0.5778460110582909,-9.058309847513398,0.00030718001029535067,7.664098509159655e-05,0.0006827542600851968,-0.07170559752927683,-0.0005618081661160844,5.4725103605011616e-05
2024-03-06 13:45:56.045,0.00679792892098927,0.5548263287207644,-9.693345712161966,-0.0011327826336187021,4.8169895282600204e-05,0.0006869073773853454,-0.05759928792617413,-0.0010996970361384947,0.00016049295440491044
2024-03-06 13:45:56.105,0.002274322667950194,1.2823265950208005,-10.340137474847015,-0.0005296170921987133,3.4092861360180195e-05,0.0006879886187207199,0.024126236403228116,-0.0005796770750459075,4.410981636362751e-05
2024-03-06 13:45:56.156,-0.005547456439935227,1.6567290090087992,-10.070293849720631,0.0009224750573971518,4.527562355116979e-05,0.0006892602894454803,0.05808398387840771,0.0004073995199045844,5.2500308802295504e-05
2024-03-06 13:45:56.211,-0.008772522168659454,1.2235435192466533,-9.495883309943556,0.0013957061400927213,7.102295326234426e-05,0.0006890402552276936,0.01892996224101391,0.0010168338897630818,-9.360437092269847e-06
2024-03-06 13:45:56.277,-0.0050650812476973305,0.5720259320937818,-9.518794542682803,0.0004350096085070546,8.621161589874874e-05,0.0006882209136197096,-0.038427448071840294,0.0006340105249027129,-3.576599237599836e-05
2024-03-06 13:45:56.329,0.002490737946560513,0.44788925934829543,-9.95285100527536,-0.0005324371980292263,8.281494778585584e-05,0.0006885214140882671,-0.03869795902868747,-0.00010923701136612448,8.638529940847026e-06
2024-03-06 13:45:56.384,0.005717234807762569,0.8382460519200668,-10.07291757155322,-0.00034546109053306583,6.312423285385333e-05,0.0006900481347789038,0.007478497103175852,-0.0007927990985202608,6.141477196263916e-05
2024-03-06 13:45:56.436,0.004550124347587649,1.1130488880300025,-9.783695546008206,0.0005758144709738427,4.577557278099983e-05,0.0006923241043522907,0.036850532241524445,-0.0007193202542703152,9.379088594094725e-05
2024-03-06 13:45:56.492,-0.0015164369831887551,0.8968060526651249,-9.606821658138275,0.0009919852428466435,4.557660401746852e-05,0.0006934865664543485,0.01664682450562084,-1.9436700492469736e-05,4.728221574845466e-05
2024-03-06 13:45:56.546,-0.005899670274534964,0.47424260195216844,-9.776725155661829,0.0004886277290480517,6.380708863057587e-05,0.0006934818613544055,-0.020133795643726974,0.0007431816841793296,-1.4654645084162758e-06
2024-03-06 13:45:56.598,-0.005552306205094156,0.326251579610323,-9.955445111051482,-0.00015852974469569167,8.105552935367269e-05,0.0006936396359271274,-0.02588581548218208,0.0007078889292593335,4.777311404560092e-06
2024-03-06 13:45:56.649,0.0005016931669839105,0.5384740040233132,-9.868193787263815,-0.00022085012967949292,8.640487107395221e-05,0.0006937495816448785,-0.0024926667988171016,0.00021570180833177952,4.2434766676877444e-06
2024-03-06 13:45:56.723,0.004291368856809234,0.7496447819453814,-9.71465344033453,0.0003228709300406772,7.456976622650024e-05,0.000694512548763082,0.021748506712096,-0.0004884813317326095,3.25596872811919e-05
2024-03-06 13:45:56.780,0.0054160599336613,0.6643845064019692,-9.751159607144874,0.0006882064017415794,5.715257407511526e-05,0.0006961633889568033,0.014612929666180094,-0.0007067901584539312,6.761158985412697e-05
2024-03-06 13:45:56.832,0.00131097777921627,0.39664208423870495,-9.870565213822921,0.0004737973499385815,4.9393528825419164e-05,0.0006976635034647594,-0.00857658046469035,-0.0003043628981072547,5.965927353730846e-05
2024-03-06 13:45:56.886,-0.0034033812983801136,0.2566203469525672,-9.868908670438135,3.8672240593035686e-05,6.069831166279008e-05,0.0006979899842761331,-0.017404686119600034,0.0004643346996891836,1.2184239609692158e-05
2024-03-06 13:45:56.942,-0.004999405696399696,0.34599440653509017,-9.778421093989651,-9.43988610092718e-06,7.86768691260021e-05,0.0006979192616152839,-0.0019239824154926775,0.0007204854268335194,-2.938860579212762e-06
2024-03-06 13:45:56.996,-0.001321875336399337,0.4760919843980193,-9.753360601680921,0.0002116076708031536,8.699005657289174e-05,0.0006979865335652794,0.008842131997150086,0.0003263572706407871,3.3181715927913076e-06
2024-03-06 13:45:57.047,0.0031865894150847037,0.45460719435013186,-9.819518680874769,0.00042166189260606305,8.209298714923315e-05,0.0006985453223184319,0.008402028679104357,-0.000201737501691609,2.3168131430112357e-05
2024-03-06 13:45:57.097,0.0047129012450554415,0.32602751359585375,-9.86670897975363,0.00039739535510199245,6.790072288903655e-05,0.0006998172250214449,-0.0009710613554804394,-0.0005669921479797072,5.102173283410472e-05
2024-03-06 13:45:57.151,0.0032446850661240812,0.2277163593205304,-9.820285624978537,0.0001812651923213652,5.6088787256658906e-05,0.000701367280483283,-0.008645538888706806,-0.0004664160397652228,6.150039323912303e-05
2024-03-06 13:45:57.210,-0.00042440712748954157,0.24398649116669685,-9.761648906540037,0.00013295562411646096,6.132187879966114e-05,0.0007019852760850522,-0.0019322369717840746,0.00021068219468276436,2.4583474526127717e-05
2024-03-06 13:45:57.262,-0.0038152438498879793,0.29424605075591376,-9.788872581690082,0.0001915842352477672,7.587555093437448e-05,0.0007023259743535012,0.0023455515256611843,0.0005805031191824789,1.3660598109323826e-05
2024-03-06 13:45:57.315,-0.0020495881891177364,0.2909807131835107,-9.844925159503536,0.0002294033814571307,8.61882017625286e-05,0.0007024711380133868,0.001513054724984093,0.0004114448280477303,5.826983651019183e-06
2024-03-06 13:45:57.366,0.0017446243215442697,0.24959510461953438,-9.835308043658072,0.00022596867733432454,8.563098496853462e-05,0.0007027917881310948,-0.00013740488792462975,-2.2189258161716736e-05,1.2819179804931419e-05
2024-03-06 13:45:57.418,0.003989452276668857,0.22022213060983584,-9.792850912143107,0.0002248473649397495,7.614133105495137e-05,0.0007037580938284563,-4.5122198810367955e-05,-0.0003795458404270639,3.873371331275322e-05
2024-03-06 13:45:57.474,0.0032845083285631856,0.20436146053491674,-9.789473564118936,0.00021787362126553312,6.489021866117673e-05,0.000704892911562461,-0.0002792693512514976,-0.000449838174208891,4.546946461787803e-05
2024-03-06 13:45:57.526,0.0006864906652810636,0.1921525235639152,-9.814078919107072,0.00021285191687603363,6.389826165196242e-05,0.0007062608079464421,-0.00020089958745891942,-3.9525033046032706e-05,5.471124722829509e-05
2024-03-06 13:45:57.579,-0.0023908825541080203,0.18321601531327072,-9.825107547379579,0.00020433219009209928,7.332653949113176e-05,0.0007067983401590839,-0.00034052420724616455,0.0003773760886518292,2.1402425145564786e-05
2024-03-06 13:45:57.629,-0.001981353311146727,0.16599481689908013,-9.814424253501336,0.00016969071362694395,8.487704361172795e-05,0.000706834956695908,-0.0013853322926629405,0.00046299965888740917,1.2845285143083971e-06
2024-03-06 13:45:57.682,0.00034885262584818564,0.15994062527830535,-9.79856373767671,0.00017216430643881528,8.787110762885628e-05,0.0007072553317686355,9.902686749634797e-05,0.00011969549000829972,1.6802805204168454e-05
2024-03-06 13:45:57.765,0.003175335436181997,0.1614192176657914,-9.801386855663052,0.0001895204348298007,8.302788027919057e-05,0.0007082623801648298,0.0006941046132560587,-0.00019421240263028038,4.037974969538096e-05
2024-03-06 13:45:57.833,0.0031454554784720434,0.1543755969922939,-9.819412137577293,0.00018575416613511017,7.379269571284022e-05,0.0007093793857264989,-0.00015091564566545768,-0.0003692922849359178,4.473630093678416e-05
2024-03-06 13:45:57.891,0.001982122457989714,0.1376245149119289,-9.821534342227269,0.00021092595375277694,6.878104442376366e-05,0.0007101622169390706,0.0010067269108433607,-0.00020117362814984854,3.142998764233829e-05
2024-03-06 13:45:57.946,-0.0007146962731673756,0.12800098094455895,-9.8047021776067,0.0002561882315923981,7.323185635339082e-05,0.0007110248463665215,0.001810614615962372,0.00017675556086505645,3.4584469162636834e-05
2024-03-06 13:45:57.997,-0.00196682654982119,0.10383401875276123,-9.799706470421487,0.00021274016977251815,8.357605767086136e-05,0.000711357684296006,-0.001737628977590682,0.00041500645488575823,1.3098007810728607e-05
2024-03-06 13:45:58.051,-0.0005358893447589389,0.07913454380038965,-9.811243135134317,0.00014080480173571128,8.95615985651406e-05,0.0007118779103988175,-0.002877245570145504,0.00024147135093666085,2.0534653535792202e-05
2024-03-06 13:45:58.104,0.0021778195207530675,0.09775063926560561,-9.81729896675586,0.00014126674610805408,8.857041462304292e-05,0.0007124969328544909,1.8447355159194925e-05,-3.9657001633075826e-05,2.4768159229621825e-05
2024-03-06 13:45:58.178,0.0030815069081394386,0.1177467189798293,-9.812626614753196,0.00019318983375794197,8.20539734808199e-05,0.0007133170301392411,0.0020767345934366408,-0.00026213099761819233,3.3038516582380514e-05
2024-03-06 13:45:58.231,0.00246113116551886,0.10907007299822409,-9.808311704337694,0.00023576618935859883,7.554144937894248e-05,0.0007142694598399183,0.0017028651304181863,-0.0002617066889389421,3.82986526222043e-05
2024-03-06 13:45:58.282,0.0005515479949244378,0.08257713024021719,-9.807336889045144,0.00023940207266967567,7.64901178147353e-05,0.000714605899303589,0.00014546137683653213,3.784607191523794e-05,1.3459510519187298e-05
2024-03-06 13:45:58.334,-0.0011476877938895564,0.057462666335659114,-9.808307233989547,0.00019178541044434272,8.334557725008846e-05,0.0007155315822804512,-0.001904473157919066,0.00027558646818208075,3.68288341967665e-05
2024-03-06 13:45:58.388,-0.0008992703924709559,0.05111953371882325,-9.811787865682337,0.00013475493783654473,9.038976782411067e-05,0.0007160661092286758,-0.0022810186538099442,0.00028340269590725867,2.1152826729497303e-05
2024-03-06 13:45:58.447,0.0010545008944334272,0.06802859756796763,-9.811828564476913,0.00017288701163571872,9.194503244397714e-05,0.0007161975377687701,0.0015253266375737996,6.111930045496459e-05,5.384471067581872e-06
2024-03-06 13:45:58.498,0.0028488889836077048,0.08350904758010393,-9.809142350902539,0.00019657985893333491,8.793152616159598e-05,0.0007172880549441906,0.0009475948509929226,-0.00016121036216713456,4.373952440608516e-05
2024-03-06 13:45:58.547,0.0024205379007433557,0.06970096015714904,-9.81112765114055,0.00019754470916610037,8.197168694433924e-05,0.0007179332868097834,3.842088746931585e-05,-0.00023841608591988728,2.585975760816308e-05
2024-03-06 13:45:58.612,0.0015182863382588168,0.053073144616344596,-9.812477975677348,0.0002133250393704043,7.843501075947808e-05,0.0007184859661821311,0.0006311097602643874,-0.00014191544844020036,2.2189191827716008e-05
2024-03-06 13:45:58.664,-9.583677751381414e-05,0.045279872356608346,-9.807521384038413,0.0002143308675998954,8.23501237180992e-05,0.0007192106508581864,4.03432578914589e-05,0.0001565817831778726,2.8956999105364493e-05
2024-03-06 13:45:58.717,-0.001161848617197045,0.03603756114714488,-9.807191323333646,0.00017168373220205886,8.975221318533086e-05,0.0007194857609281734,-0.001705673033846084,0.0002973122586779502,1.0812925104238723e-05
2024-03-06 13:45:58.769,0.00029128094498448166,0.03488843283592949,-9.81142651254055,0.00015111268816049057,9.298141271984208e-05,0.0007200133999982933,-0.0008227505793871035,0.00012976315027420202,2.10121219770665e-05
2024-03-06 13:45:58.822,0.0021723501609368988,0.05036148974788517,-9.811497851846376,0.00016441942577357632,9.156528545510777e-05,0.0007209377940382428,0.0005322252036299035,-5.7022226120583585e-05,3.7034636994184645e-05
2024-03-06 13:45:58.890,0.0024425021228514825,0.05486554030967638,-9.81167666577221,0.00018836559288272085,8.721785638514169e-05,0.0007218478094394217,0.0009577179054525135,-0.00017458078660825108,3.6521213040869564e-05
2024-03-06 13:45:58.947,0.002009978318283986,0.04702633945643943,-9.811843465637399,0.00018771739235772292,8.186933593431518e-05,0.000722377906785588,-2.6084183596850003e-05,-0.00021391806203648267,2.1241780548459067e-05
2024-03-06 13:45:58.999,0.0008756444610938558,0.040623208522896276,-9.807221777580388,0.0002469048057663513,8.265111469446073e-05,0.0007231890790372816,0.002367515880888833,2.956898105396962e-05,3.2633476534212424e-05
2024-03-06 13:45:59.049,-0.000849424383786446,0.019091066090357493,-9.807250555446577,0.00022473187752676597,8.78158520543457e-05,0.0007236778520058866,-0.0008867692247844312,0.0002072352239850669,1.9431066297826852e-05
2024-03-06 13:45:59.106,-3.0259762679374177e-05,-0.0019249244696518367,-9.810991678051113,0.00014053658792631657,9.188980785233287e-05,0.0007242833968973506,-0.003367695035746113,0.00016539877552239996,2.390292302703782e-05
2024-03-06 13:45:59.159,0.001274114114003773,0.015105654834880881,-9.812217950426867,0.000148173433455398,9.313665957843448e-05,0.0007244950971839203,0.0003055090787428461,4.965406558368189e-05,8.488730400818516e-06
2024-03-06 13:45:59.214,0.002156353048018553,0.041003599161402275,-9.810386225274115,0.00016498193425351613,9.074098643087511e-05,0.0007256605436555178,0.0006722662089696246,-9.630630188531814e-05,4.66963773943438e-05
2024-03-06 13:45:59.294,0.001933265149579857,0.047209195744969255,-9.810733794842452,0.00019921363794165976,8.66001998141815e-05,0.0007267108229971879,0.0013691439780593615,-0.00016661664356983945,4.2168632299777986e-05
2024-03-06 13:45:59.347,0.001400434236405747,0.023934788487194606,-9.811344276761115,0.0002376437333120049,8.682777648775798e-05,0.0007269332864588309,0.0015372092842342539,7.988111114301495e-06,9.029786911309798e-06
2024-03-06 13:45:59.400,-4.4037742736848416e-05,0.007909728116758158,-9.80727635308067,0.00021374972083048696,8.963669687957518e-05,0.0007278318414444915,-0.000955681805090713,0.00011305922620956061,3.5835071956808904e-05
2024-03-06 13:45:59.450,8.232147656676099e-05,-0.005784619450336354,-9.808073658298929,0.00013845042480570564,9.644216363109257e-05,0.0007279135741538902,-0.0030117732566236326,0.0002744112312114286,2.9614332867171116e-06
2024-03-06 13:45:59.505,0.00021229417357121661,0.00719460222105144,-9.811866376171649,0.000207763175638223,0.0001097366676197307,0.0007482699958871109,0.002772807191312641,0.0005299311639062903,0.0008144144975895439
2024-03-06 13:45:59.561,0.007434431540099692,0.07003350450992936,-9.840541424353036,0.001277558588682251,0.00011079543030832317,0.0008536958458439605,0.042791386333063924,1.5727017073121712e-05,0.004221731643716365
2024-03-06 13:45:59.621,0.04124426181630012,0.19948557081267204,-10.132577999717112,0.0007787421647768796,0.00011660547622611034,0.0008560952014797042,-0.019952472994360614,0.00024950876854631904,9.3573590517775e-05
2024-03-06 13:45:59.692,-0.03671765154077308,-0.35405201957472615,-9.205449633786518,-0.00013098866970503282,0.00011879735047478325,0.0008577073095273385,-0.03638915554969384,0.00011882162774992303,6.0270905109049264e-05
2024-03-06 13:45:59.745,0.0017051306699170307,-0.1135184840874087,-9.685045486374461,-0.0003470368825821081,0.00011804753496924389,0.0008585979001136203,-0.008641955479874104,-2.2592254815189162e-05,3.4589957458814784e-05
2024-03-06 13:45:59.798,0.0021018824693158334,0.22298143790523445,-10.256922689170525,0.00022572280679866973,0.00011709455585872351,0.0008591166763698287,0.02291034417690385,-5.778388672772312e-05,2.3474245575334925e-05
2024-03-06 13:45:59.850,0.0016406533762333476,0.23605608302860412,-10.051444254234752,0.0007158368995461541,0.00011335828726453029,0.0008594523736808815,0.01960442880613803,-0.00016628143373320425,1.5846631670348742e-05
2024-03-06 13:45:59.903,0.0017054739188855183,-0.015669842179393673,-9.539427574248233,0.0004787743306661716,0.00011624371631263108,0.0008604071722381767,-0.009482406121237661,0.00012358476915275962,3.705884780105245e-05
2024-03-06 13:45:59.978,-0.0007286887006966584,-0.1451527420791019,-9.534301342210389,0.0002730153669103147,0.00011958331023757781,0.0008612292533990462,-0.008230245021292572,0.0001406739816605766,3.1888867564494634e-05
2024-03-06 13:46:00.035,0.0012681013048390264,-0.05627039987992669,-9.924438310650778,0.00021130965755546705,0.00012146534034804017,0.0008621196680683387,-0.0024681669961985906,7.741436246184565e-05,3.5305156470116826e-05
2024-03-06 13:46:00.090,0.0018791351993641397,0.04531095267673737,-10.07481271977029,0.00034917147206208957,0.00012168581156086331,0.0008637092848310324,0.0055144705960054954,4.087198391227907e-06,6.425341644197644e-05
2024-03-06 13:46:00.146,0.0022360856480396827,0.04704774927902539,-9.802354965433382,0.0003790930232069552,0.00011986035230986502,0.0008641453021836235,0.0011967965157610916,-7.404540809945625e-05,1.7614420722934912e-05
2024-03-06 13:46:00.197,0.0023569815101918703,-0.0010157134028808135,-9.604397704988454,0.0003333911634550327,0.00011832489423494383,0.0008642112074402966,-0.0018281271991467756,-5.983776405114072e-05,2.4370768022303026e-06
2024-03-06 13:46:00.249,0.0014517426954482194,-0.014447446325672502,-9.751997890554469,0.00030126425971351294,0.00011801541980538909,0.0008644540002814616,-0.0012850875677191346,-1.1265511446458953e-05,9.563071603117635e-06
2024-03-06 13:46:00.303,0.0009528727505195761,-0.0009727781609377719,-9.951394509970099,0.00031047315871211324,0.00012133517002291426,0.0008649489435794103,0.00036846823576522434,0.0001324776892914502,1.9800095872616534e-05
2024-03-06 13:46:00.357,0.0008503098422064966,0.012074681916976089,-9.903065296768835,0.0003497563626267456,0.00012242581256940822,0.000866277514583745,0.0015713588884332932,4.228522768439688e-05,5.331876206389965e-05
2024-03-06 13:46:00.441,0.0024428702408145404,0.006466843683279471,-9.726036064300835,0.0003677308653573914,0.00012289459433286845,0.000867257615405075,0.0007189913194277316,1.8142879941594365e-05,3.9285407559280406e-05
2024-03-06 13:46:00.494,0.0018240852725639077,-0.006628313671028943,-9.707989268836144,0.0003284514078006094,0.00012369348158787418,0.0008676176413034266,-0.0015711518567779687,3.33227650239169e-05,1.4197037920595773e-05
2024-03-06 13:46:00.546,0.0021003258805763663,-0.02064362497267878,-9.847791770252046,0.0002509430204126975,0.0001219803891145027,0.0008681369311511807,-0.0031003964207156538,-6.582863236842994e-05,2.0404726995823875e-05
2024-03-06 13:46:00.598,0.0025333625378131503,-0.0010066504250323197,-9.89961213909069,0.0002556704137263014,0.0001192817652046258,0.00086877180091102,0.00018899892831292282,-0.00010810257268727379,2.544549404680148e-05
2024-03-06 13:46:00.650,0.001977758890201148,0.028388308526199557,-9.804380871333718,0.0002686493405767886,0.00012221945449539183,0.0008701717427771395,0.0005192521521085247,0.00011707156159503896,5.602818717788718e-05
2024-03-06 13:46:00.705,0.0002172530326144421,0.036813120802864044,-9.741285166884268,0.000338625194093121,0.0001264988794327651,0.0008704168943299909,0.002799180909996351,0.00016874473331146203,1.0091124663009376e-05
2024-03-06 13:46:00.788,0.0019231193501282316,0.01161161214312885,-9.797937609539536,0.00034781546408696587,0.00012887297280651938,0.0008707032209227023,0.00036769186880100137,9.464772058230799e-05,1.1466662887942713e-05
2024-03-06 13:46:00.847,0.0023306251166881646,-0.015836650937737198,-9.855481327856381,0.0002938918902484125,0.0001258402828784144,0.000872279615071628,-0.0021570557771602838,-0.00011941102539589953,6.281295122421e-05
2024-03-06 13:46:00.896,0.0035654886926712774,-0.010097516494777026,-9.830507448542974,0.00025139750471476547,0.00012412768384475854,0.0008729209569205083,-0.0016998377607014645,-6.701485137144966e-05,2.5456655400221048e-05
2024-03-06 13:46:00.948,0.001796562008781935,0.009753889108299423,-9.781105631183472,0.0002473183118172455,0.0001238627226624344,0.0008731514600118852,-0.0001631780495316588,-1.0453734159087639e-05,9.202458289726641e-06
2024-03-06 13:46:01.024,0.0014145073815859783,0.021471598555460547,-9.785789252188753,0.00029983002049087945,0.00012491656354337232,0.0008728136623565828,0.0021005061008635547,4.0315622714099696e-05,-1.326377725911029e-05
2024-03-06 13:46:01.080,0.0018156872319446393,0.020250709342169063,-9.826603530760128,0.00027425215993133863,0.00012636530192448216,0.0008743083300403285,-0.0010230710259959265,5.8858869507397017e-05,5.964280352987859e-05
2024-03-06 13:46:01.133,0.0016977454482338923,0.013121239694334125,-9.835348276791384,0.000233158482880402,0.00012732986234764685,0.0008750720230205846,-0.0016437166426029645,4.002662491851614e-05,3.03307201004588e-05
2024-03-06 13:46:01.184,0.0023483318976656982,0.023630889168908147,-9.804637636955343,0.0003519170278931311,0.00012685005967772443,0.0008755629097004164,0.004750320869864581,-2.3341828440415964e-05,2.024879527851135e-05
2024-03-06 13:46:01.241,0.002459085382339913,0.010158768845456922,-9.786730167341197,0.0003890469938703259,0.00012702610696192,0.0008760183722654275,0.0014852020177519387,5.748670041856582e-06,1.840469680347073e-05
2024-03-06 13:46:01.295,0.0019163505611873083,-0.024495822863837155,-9.807441662829813,0.0002854503816216724,0.00012811807952825254,0.0008764604373994743,-0.004143827098719993,4.731391250209337e-05,1.7142920792301703e-05
2024-03-06 13:46:01.345,0.0019469264301039532,-0.03239249515066543,-9.827743748934072,0.0002107359472904728,0.0001287754278260679,0.0008773291500036506,-0.002988557715004982,2.8920551612816616e-05,3.435963339599747e-05
2024-03-06 13:46:01.398,0.0020744078407607274,0.01246534002258166,-9.815504215107564,0.0002186894545165378,0.00013150525818361684,0.0008781620933141232,0.00031823159757297654,0.00010892135604469329,3.333490779611189e-05
2024-03-06 13:46:01.450,0.0017651964938653496,0.041181259290942684,-9.80005664769291,0.0003008805504995887,0.00013499277546358775,0.0008784104984194922,0.0032877638233704113,0.00013661668685064366,1.0327580140436815e-05
2024-03-06 13:46:01.499,0.0021301815434102526,0.03592509396989762,-9.805164113581768,0.00035376849562229805,0.000137097576781439,0.000878764850955257,0.00211558910231147,8.233884736771709e-05,1.4430617466747607e-05
2024-03-06 13:46:01.552,0.002369038112446427,-0.0008852179496628903,-9.814291912569768,0.000324096558962913,0.00013491231670455367,0.0008803887362647147,-0.001186962627658105,-8.634637013512913e-05,6.482071168375162e-05
2024-03-06 13:46:01.605,0.0034102382159323674,-0.021988809250302825,-9.813752304295667,0.0002528615417095411,0.0001356625936296626,0.0008806029058283155,-0.002849374416343332,3.252172872644801e-05,8.174236188436105e-06
2024-03-06 13:46:01.663,0.001578982271475279,-0.0081801715148674,-9.807331673638974,0.00022388995923641432,0.0001349138693955542,0.0008806137386161961,-0.0011588893045571909,-2.892839473613025e-05,2.825852569514372e-07
2024-03-06 13:46:01.716,0.0024204169891128397,0.02243214451346256,-9.806112199917695,0.0002758763845676052,0.00013592631715992972,0.0008806877671461695,0.00207949151539656,3.866759726677339e-05,3.2310749585855648e-06
2024-03-06 13:46:01.770,0.0017713911813560725,0.026398727772894145,-9.81253841850957,0.00024328012392493736,0.00013606737157121382,0.0008817402152294107,-0.0013038507019079858,6.800665679951292e-06,4.191907785874078e-05
2024-03-06 13:46:01.822,0.0023225652091299295,0.023953630158344473,-9.815736673211148,0.0002693795100709052,0.00013462451878899821,0.0008831381238242126,0.0010439166597127167,-5.8619492947219965e-05,5.6074214015564025e-05
2024-03-06 13:46:01.879,0.0024469496085753268,0.02146194763479002,-9.80982258887873,0.00037785249453255415,0.00013453374570254292,0.0008834475301065637,0.004338913008919407,-7.4578565167388325e-06,1.29634072635581e-05
2024-03-06 13:46:01.932,0.0021968456942631116,0.0007766261291558085,-9.80323441329882,0.0003649928148748713,0.00013390461670562663,0.000884163948274777,-0.0005144130778457267,-2.4700276440579704e-05,2.859655247666326e-05
2024-03-06 13:46:01.986,0.0020159245147809614,-0.04138605193693804,-9.808005019828437,0.00024139509748531045,0.0001342872774279748,0.0008846616675125725,-0.0049438960839810805,1.968233791244806e-05,1.924228617564875e-05
2024-03-06 13:46:02.042,0.0021619251920998238,-0.01617310677409084,-9.814489166681703,0.00022372604465162871,0.0001634757576771426,0.0008849554411517973,-0.0007057308389557522,0.0011681665924918056,1.1394820974370428e-05
2024-03-06 13:46:02.097,-0.004986422176979512,0.023793051577678557,-9.81541210730931,0.00030089172254324975,0.0001704615566790666,0.0008866851725946901,0.0030868614894627136,0.0002767213147104448,6.961075769729917e-05
2024-03-06 13:46:02.151,0.008778802172433493,0.04309417345161808,-9.823203085937205,0.00037094210023663055,0.0001708870461846968,0.0008875517413854816,0.0028020233038934693,1.454812445517568e-05,3.5135096149661856e-05
2024-03-06 13:46:02.203,0.00393627985379837,0.015322323929291956,-9.793945495513062,0.0003707632862135994,0.0001675312140329033,0.000888470782091128,-7.277852370163421e-06,-0.00013421324275609772,3.681016321835166e-05
2024-03-06 13:46:02.269,0.003290011264364195,-0.013563843689682314,-9.792710375573272,0.00033204632419632854,0.00016392973797386772,0.0008894132395217138,-0.0015488121140503708,-0.00014267058199816607,3.748623986651675e-05
2024-03-06 13:46:02.324,0.0019456320600432365,-0.011858359417479085,-9.816530811932802,0.00028501825999742,0.00016536797890049517,0.0008899522547761759,-0.0018810742770765231,5.9208775789539346e-05,2.123541944568281e-05
2024-03-06 13:46:02.378,0.0009407001137996096,0.006510773935116359,-9.826367254234171,0.00029576199704123144,0.0001664571892286972,0.0008904318244166682,0.00042978491155430985,4.319163583036469e-05,1.924109460679738e-05
2024-03-06 13:46:02.432,0.002186376933258226,0.019937178566397765,-9.809233247981505,0.00033310432570725427,0.00016970534501277505,0.0008908527076583325,0.0014938054519249735,0.00012860184051577522,1.7041179105814552e-05
2024-03-06 13:46:02.483,0.0016466105094035928,0.017196744831305476,-9.799025580519526,0.00031616541110231883,0.00017060203929368346,0.0008918180908912137,-0.0006775309632253924,3.648353816760091e-05,3.848883673264811e-05
2024-03-06 13:46:02.546,0.002914216290999292,0.010844934816881618,-9.808728284905532,0.00031653048938134516,0.00016869787728377583,0.0008927493547707619,1.4528921612461765e-05,-7.616767339742455e-05,3.727716039956267e-05
2024-03-06 13:46:02.597,0.002975256956797403,0.016160888168100226,-9.816973935192758,0.0003914199952870088,0.00016706101505891102,0.0008933465415029753,0.002995516751033841,-6.813919073561805e-05,2.4419589671648015e-05
2024-03-06 13:46:02.648,0.0022557228769047727,-0.0010398383398710234,-9.812068566292993,0.00038779901327336605,0.00016620160814885077,0.0008941443947003767,-0.00014487523702894298,-3.4234497242992344e-05,3.1903216794317107e-05
2024-03-06 13:46:02.704,0.0018227433842494516,-0.019905962765670665,-9.8051727748813,0.0002788938815016607,0.00016640769835309219,0.0008945776082322935,-0.004356199221059148,1.2143354215299397e-05,1.6601366865668912e-05
2024-03-06 13:46:02.779,0.0018343902676868334,-0.005396529666697129,-9.806624147912645,0.00027542191067433084,0.00016944920897398347,0.0008949970527401008,-0.00013877277922145874,0.00012178922833636062,1.6721151657779374e-05
2024-03-06 13:46:02.834,0.0017740634301401873,0.02570877969209022,-9.81266628909299,0.0003553852643199214,0.0001706202990890561,0.0008958320764716643,0.0031985692170490394,4.399299459724654e-05,3.392744050263517e-05
2024-03-06 13:46:02.891,0.0026198259212671577,0.033153332759502836,-9.81635507137132,0.0004249401771707323,0.00016988365746715473,0.0008962510259057992,0.002782166331273369,-3.1950689711460366e-05,1.724634394069791e-05
2024-03-06 13:46:02.949,0.0029824781170128176,-0.008728188283093092,-9.81131829286252,0.000385552685418235,0.00016666612949766844,0.000896993769931477,-0.0015756194438273031,-0.00012727765493535318,2.9491203346533533e-05
2024-03-06 13:46:03.014,0.0026865873766798005,-0.02461568648934225,-9.80183649818072,0.00031979384241061763,0.00016570023995006672,0.0008974329720990239,-0.0026303903543749415,-3.6270658972909914e-05,1.7141374428310897e-05
2024-03-06 13:46:03.067,0.0015990532156056768,-0.006336787982097653,-9.806004911562194,0.0002820119318626952,0.00016691591345256493,0.0008977416036124677,-0.001511234276258071,4.998660603113318e-05,1.208078294580168e-05
2024-03-06 13:46:03.120,0.0017447566700701169,0.01469615252290908,-9.815434738446799,0.0003330186218569993,0.00016996146199494859,0.0008985982258812285,0.002040370401921796,0.00012000179267200658,3.4565561139588034e-05
2024-03-06 13:46:03.174,0.0017050221558355795,0.0241539355452777,-9.815101138716416,0.000362791161276677,0.00017214661512317562,0.0008993532226342586,0.0011909745095255754,8.634698069495267e-05,3.037099454943617e-05
2024-03-06 13:46:03.228,0.002532470096179424,0.011263693556215792,-9.809690154814907,0.0003258809654409979,0.00017349207712321978,0.0008997059184120569,-0.00147636133996687,5.515078988031797e-05,1.3835738924991747e-05
2024-03-06 13:46:03.284,0.002588455858877279,0.004066713688753175,-9.806676581371105,0.00033642353632370466,0.00017051680622331693,0.0009007943399661478,0.00042158818972672443,-0.00011937551289037884,4.365018771583262e-05
2024-03-06 13:46:03.340,0.0033757346943326695,0.019439145566875652,-9.806889854230562,0.0004097074645310017,0.00016763284008704398,0.0009016896608570786,0.002931246191481573,-0.00011798423915100378,3.6361116301366256e-05
2024-03-06 13:46:03.419,0.002251665689444973,-0.002998226790096491,-9.81090906974267,0.00039768967864724144,0.0001683610478233975,0.000902140017470787,-0.00048068803202442755,2.9568883511835353e-05,1.79219377658151e-05
2024-03-06 13:46:03.475,0.00134594214247001,-0.025213634406321177,-9.81401177075263,0.00030199069698349,0.00016859242887359773,0.0009025469771173441,-0.0038279522799299567,1.271334789785519e-05,1.563024103153934e-05
2024-03-06 13:46:03.526,0.0021894427033280813,-0.006389178603359629,-9.809031057860158,0.0003067925779149905,0.00016908517548379516,0.0009029880192517967,0.0001920899772042464,1.9541923851206878e-05,1.766808367385005e-05
2024-03-06 13:46:03.581,0.002323926336098585,0.02366051090971585,-9.80703784138064,0.0003498792831912669,0.0001687427227223689,0.0009039053585652909,0.001723449026786402,-1.524142320582916e-05,3.699036628726408e-05
2024-03-06 13:46:03.662,0.002487484080205496,0.028381130873934873,-9.811631124100472,0.0004084967441406503,0.00016680546138637945,0.0009049183216224407,0.002344620824145443,-7.959307083293028e-05,4.094675625715648e-05
2024-03-06 13:46:03.717,0.00264542132922135,0.0018909753077839065,-9.813850558822622,0.00038377569626207565,0.00016665514628063898,0.0009053341117748056,-0.0009888497814419547,-5.111456182848379e-06,1.646864145073406e-05
2024-03-06 13:46:03.777,0.0019178202903447103,-0.01611309613373093,-9.806538931901114,0.0003224760870909266,0.00016714586025068606,0.0009063936179715318,-0.002451972780627254,2.186196891821651e-05,4.196465204713918e-05
2024-03-06 13:46:03.826,0.002004809955725072,-0.0018727590961107388,-9.80597045262857,0.00033657999677510776,0.00016885132399610767,0.0009068030542366667,0.0005642152544552862,6.771271837809619e-05,1.6448977588510006e-05
2024-03-06 13:46:03.881,0.0020647520145033837,0.01089612836127398,-9.812780934896482,0.00035993011442609295,0.00017039453861848047,0.0009073815139100039,0.0009340564092552621,6.088998847385994e-05,2.3274208728364855e-05
2024-03-06 13:46:03.934,0.002336340801763925,0.003772523021310697,-9.813545550693924,0.0003574230152361153,0.0001714887655990569,0.0009081943216256191,-0.00010024977828384084,4.387167448476439e-05,3.2479561897097256e-05
2024-03-06 13:46:03.986,0.002439668512661912,0.00939446780137888,-9.811266138800818,0.00031122939671372166,0.0001712488986692351,0.0009090326458550523,-0.0018477585026208856,-7.906211247530668e-06,3.321861456415387e-05
2024-03-06 13:46:04.044,0.0028370762282397947,0.008871492070006932,-9.808061644238286,0.0003732778276777091,0.0001695271414349744,0.0009095144112470882,0.0024818704539241723,-7.111905093829129e-05,1.9722260166638245e-05
2024-03-06 13:46:04.097,0.0025750154604997012,0.014614500911895725,-9.806268475838293,0.0004310049694376649,0.00016919613057131644,0.0009103889516901333,0.0023090669210924664,-1.5325312023634642e-05,3.537975157338342e-05
2024-03-06 13:46:04.152,0.001834619272757521,-0.011308192799279767,-9.810333791815653,0.0003658868517400207,0.00016958596041821212,0.0009115992940769973,-0.002604717795392555,1.7982073749988574e-05,4.796650891024043e-05
2024-03-06 13:46:04.235,0.001971027070797011,-0.019326693691876014,-9.803858771923187,0.0003337748514401525,0.00017253499519672514,0.0009123748039179468,-0.0012843773394712198,0.00011914255786095282,3.0762848099932535e-05
2024-03-06 13:46:04.293,0.0019118419290006996,0.037933133984533934,-9.784125258223723,0.0003957711735336744,0.000173951116989895,0.000913103825861184,0.002479898602099008,5.439401759135842e-05,2.9567304628327748e-05
2024-03-06 13:46:04.346,0.002812430037123389,0.036743854326313295,-9.849109777897038,0.0004980452552966228,0.00017583504772137844,0.0009138507659259487,0.00409102548654469,7.163699163626073e-05,3.0553770565703276e-05
2024-03-06 13:46:04.399,0.0022932555386769517,0.002289089825767017,-9.841661805357084,0.0004628822460795059,0.00017380946743248085,0.000915510339012601,-0.0014066054825754735,-7.970719266244588e-05,6.617254624406963e-05
2024-03-06 13:46:04.451,0.0032986642988640192,-0.04449368913252472,-9.77297136707088,0.0003475435221469625,0.00017156937226858816,0.0009166142349950183,-0.0046136369392747205,-8.53648924229966e-05,4.338387848782124e-05
2024-03-06 13:46:04.504,0.00230283495032995,-0.032683385318835356,-9.789131582485782,0.00026625769102943316,0.00017290601364482904,0.0009167529081913947,-0.003251383931324463,5.644729347923117e-05,4.97418385968598e-06
2024-03-06 13:46:04.566,0.0014824996674887528,0.00643762731560978,-9.832470117643497,0.0002846606246447105,0.00017393621553046958,0.0009174297415329881,0.0007361501296536529,4.054096777665385e-05,2.7189097173516897e-05
2024-03-06 13:46:04.622,0.0022276334072231048,0.03778732465352255,-9.831014460528515,0.0003431439745975697,0.00017483938736237483,0.0009175849025307324,0.0023393651559812196,3.3982964173267485e-05,6.601745197552507e-06
2024-03-06 13:46:04.703,0.00228220642913043,0.0239356469137281,-9.798668977122643,0.00034534189540032456,0.00017498644868028978,0.00091892495758584,8.791283427934544e-05,5.820303833385068e-06,5.3615589547372266e-05
2024-03-06 13:46:04.759,0.0024000823711122377,0.004047207324800769,-9.792881832051116,0.0003517493734542969,0.00017632368608797738,0.0009191073232075106,0.00025634689777679547,5.325653456121354e-05,7.3207535296016845e-06
2024-03-06 13:46:04.814,0.002310975427746252,-0.001722896920476552,-9.812430291963793,0.0003970451967271206,0.00017503419006324156,0.0009195149323415684,0.0018117820065927757,-5.32384745482394e-05,1.66450098014372e-05
2024-03-06 13:46:04.868,0.002781959669587139,0.0032085694851372564,-9.804391115881552,0.0004291758215807048,0.00017487464019787986,0.0009216135957340757,0.0012852040250756814,-7.527633516411276e-06,8.417478471134751e-05
2024-03-06 13:46:04.918,0.0018564364750540893,-0.0141813433941875,-9.822104963541634,0.0003557317072534082,0.00017637758555301444,0.0009226831320168983,-0.002937715628348554,6.284033141926264e-05,4.224548573098655e-05
2024-03-06 13:46:04.977,0.0018202476712207369,-0.02007092046364164,-9.821393246863916,0.00030330570015452916,0.00017839937342091676,0.0009233437458386439,-0.0020969695548084728,8.281429814747605e-05,2.602963974063551e-05
2024-03-06 13:46:05.029,0.002376417047247738,0.0008769488924392327,-9.805887751187873,0.00036598000064422205,0.00017952315174309683,0.000925059276187241,0.0025070002631988825,4.26616176064716e-05,6.905295568153472e-05
2024-03-06 13:46:05.084,0.002559023156534363,0.019894511875490035,-9.799590707030962,0.0004139393837511261,0.00017795353481914417,0.0009267580483853969,0.0019183044694399483,-6.453096703291896e-05,6.832205860424849e-05
2024-03-06 13:46:05.137,0.002953301573840489,-0.0037719452648288373,-9.809128194800076,0.00041178244065077414,0.00017645353790432297,0.0009276833177003269,-8.633981927050192e-05,-5.9904647976468354e-05,3.702009546709461e-05
2024-03-06 13:46:05.188,0.0027398880269284636,-0.026933976203872615,-9.81879644025246,0.00030894208138701446,0.00017356120547191016,0.0009282574542738234,-0.004113724121702947,-0.00011187020044327173,2.227435024837145e-05
2024-03-06 13:46:05.246,0.002321131527224886,-0.012726794717292135,-9.810396376689695,0.0002555139507945183,0.00017241984712027222,0.0009296593435096089,-0.0021371763931998587,-4.3656258949909004e-05,5.5715872956641114e-05
2024-03-06 13:46:05.297,0.0015582956563044423,0.011517182791546152,-9.800793696343453,0.0003308914911487064,0.0001753024571729554,0.0009298875517642848,0.0030152059969193153,0.00011250454398190706,9.611095082570876e-06
2024-03-06 13:46:05.349,0.001432411204581292,0.021437477226253752,-9.810382686248499,0.0003862865550513159,0.00017763224443493494,0.0009304106447449016,0.0022158846598451477,9.113924433077822e-05,2.1277031498273926e-05
2024-03-06 13:46:05.399,0.00234826880147376,-0.004059014680044145,-9.818584843773555,0.000341411709999833,0.00017696189852960155,0.0009318672474197823,-0.0017950283577202084,-2.5123942169998686e-05,5.7953896556218195e-05
2024-03-06 13:46:05.454,0.0030621478027409404,0.007297278324501291,-9.794836678042383,0.00037360939207182217,0.00017230956129291757,0.0009341947271304542,0.0012877173522584159,-0.00018725867064032345,9.339709432188273e-05
2024-03-06 13:46:05.508,0.003254433663678771,0.00680433349284657,-9.80741707591501,0.000516708976476639,0.00017060055428804043,0.0009354445574675789,0.005723908996486475,-7.368113683839615e-05,5.1017981788828326e-05
2024-03-06 13:46:05.559,0.00158331286439813,-0.018197727785847623,-9.8296437400283,0.0005010217518214912,0.00017027720183559743,0.0009360266435473633,-0.000627504837811374,-1.233549341714392e-05,2.3182588865178634e-05
2024-03-06 13:46:05.613,0.002025831662834178,-0.06292473164086806,-9.8193909034236,0.00031677634563414446,0.00016916293507466764,0.0009371722424587513,-0.007369863001104051,-3.76580632702076e-05,4.458162390431715e-05
2024-03-06 13:46:05.667,0.0022968875146465017,-0.05208921914317454,-9.793905262379749,0.0001878366107137318,0.00016859660443461054,0.0009383285650001642,-0.005157616247340416,-1.78110781809609e-05,4.538410274448308e-05
2024-03-06 13:46:05.752,0.0019851219202146175,0.05595434984374154,-9.777840321259706,0.00033238533016089237,0.00016948120902983343,0.0009386023381992688,0.005781977700783416,2.996283548341909e-05,1.1916188747629843e-05
2024-03-06 13:46:05.822,0.002151244609788957,0.08128530055724374,-9.831051340900716,0.000472687198530648,0.0001702456260620316,0.0009389487367708674,0.005612098989133268,2.5316226783212716e-05,1.479549943094045e-05
2024-03-06 13:46:05.880,0.0021722039141958004,0.003820053553228284,-9.83416177188768,-0.009271838648255952,0.00015846738868874262,0.0009791636601853425,-0.3897868823777709,-0.00011913354305197245,0.001542984153378455
2024-03-06 13:46:05.932,-0.0089993909671337,-0.4333621645565421,-9.721647579405431,-0.006894610935934985,0.00015225261700971073,0.0016831703528881637,0.09508753868770278,-0.0005359316891028346,0.02817244700363398
2024-03-06 13:46:05.985,-0.19661693489240606,3.733768064019111,-9.810454956876857,-0.0005217977008676027,0.0001692527776064399,0.002466274724635997,0.2549101701810479,0.00023470809082701613,0.031364547975226184
2024-03-06 13:46:06.040,0.01048867389021279,2.6259730516005066,-9.857830030145747,-0.0012104884506899164,0.0001929536052233369,0.0031531429388628883,-0.02755059056168034,0.000982730115297811,0.027471408256594217
2024-03-06 13:46:06.093,0.10826248485145697,0.38606534857365044,-9.794880543333564,-0.004428148579444977,0.0002310949655804087,0.003143417403221766,-0.1287014237874726,0.001933328097298631,-0.0004046469981239685
2024-03-06 13:46:06.147,0.27748775801999664,0.47601963518932333,-9.722700625790534,-0.0025626533641435506,0.00027255662518489964,0.003062816910933133,0.07462602035974326,0.001432121614985532,-0.003202911317069993
2024-03-06 13:46:06.204,0.030952215168828404,1.0484209251874432,-9.783597384613504,-0.00035055727323960497,0.00025314215274683746,0.0029734012677910815,0.08848206917812136,-0.001046316040769679,-0.0035525929558871613
2024-03-06 13:46:06.255,-0.01468486828625595,0.2621317914512741,-9.872691423159779,-0.0006031170621017365,0.00020280802431450523,0.002831016264243403,-0.010107168796811037,-0.0019798841233013642,-0.005699174246819576
2024-03-06 13:46:06.312,-0.03689232141672201,-0.6272835242641533,-9.86608452799701,-0.0027958679302744534,0.00015896678385465623,0.0027266112835272315,-0.08771409343320394,-0.0014935853288030772,-0.004197924666627346
2024-03-06 13:46:06.364,-0.014303008768401623,-0.2774315252385495,-9.756047467181066,-0.005518578303362435,0.000153411639520466,0.0026829537582195567,-0.10890929481814351,8.450035822544857e-05,-0.001762776680976561
2024-03-06 13:46:06.419,-0.008088156644229554,0.7931241621735206,-9.67755346227882,-0.00541535448657616,0.00017527757519881417,0.002416673134595863,0.0041333745124458605,0.0009212151341242987,-0.01064579253073829
2024-03-06 13:46:06.473,0.072313831354661,1.6963732612644915,-9.885130818801306,0.00013493002676060007,0.00020552739838353276,0.0023916335601779537,0.22201491540720303,0.0006734384717185426,-0.0009612736428323346
2024-03-06 13:46:06.526,-0.1050723145569495,0.5756468471530926,-10.02242359226234,-0.001132141861336373,0.00022671067361754825,0.0023893121554134466,-0.05068069114915702,0.0009686662225027548,-0.00010209939188480382
2024-03-06 13:46:06.582,-0.024153353650595143,-0.9800272761086085,-9.50516677949251,-0.0031277652093117357,0.00024200594036688118,0.0023880931502243312,-0.0798234242273124,0.0008027585846084342,-6.415639373152313e-05
2024-03-06 13:46:06.638,-0.006566663530122754,-0.6388124655483424,-9.744252360466058,0.0010298826265348088,0.0002652302620527149,0.0023859661218284694,0.16630788520097622,0.0005318548861788521,-4.455603277875814e-05
2024-03-06 13:46:06.694,-0.00270032207616021,-0.7012832751353765,-10.02737943884325,0.0026714504977146526,0.0002754389258737003,0.002385480437623516,0.0656636249916671,0.0002516845310237718,-2.5551817553862734e-06
2024-03-06 13:46:06.749,-0.002705961727482513,-1.9987059273440368,-9.924376936496026,-0.0031069069250559854,0.0002614216283601583,0.0023898656291670376,-0.23113534264526991,-9.494307421892255e-06,0.00011330872740941205
2024-03-06 13:46:06.804,-0.0010320324712239529,-1.7189912263596874,-9.631297466162433,-0.006606206557184142,0.00022156367191415025,0.002437231925056856,-0.13997756286276278,-0.0012719821611865253,0.0018502868512736842
2024-03-06 13:46:06.855,-0.002487047403398207,0.5555553214314194,-9.619516515549885,-0.001610875134802232,0.0002188264341040108,0.0025319452477722297,0.1998134431410291,-0.0006025458319197988,0.00383306670828502
2024-03-06 13:46:06.914,-0.026876773787432615,1.0053388995376566,-9.926854813220356,-0.00012330712249896292,0.00022289008035768663,0.002643096785499674,0.05950197534871075,1.1349975293967898e-05,0.004459210636008861
2024-03-06 13:46:06.976,-0.004727180194666054,-0.6153848472078078,-10.02049538209544,-0.004374243578222819,0.00021902272262127955,0.002720702367926097,-0.17003854192873818,0.0002813942868010579,0.0030685501169879703
2024-03-06 13:46:07.027,0.027348641512384843,-0.758811102761546,-9.759148957471739,-0.005353994935742604,0.000219593635934335,0.0027249999312471368,-0.039190351619365286,0.0001285899344058891,0.00016406262328725422
2024-03-06 13:46:07.082,0.007113438622134509,0.549728117849553,-9.615946290629672,-0.001857720344801383,0.00023160162165594588,0.0027259618940156643,0.1398527405672389,9.914561098766446e-05,7.004000784863328e-05
2024-03-06 13:46:07.133,-0.007334639182732466,0.40920247941340654,-9.805832058100556,-0.0015526638338945345,0.00023467662597150007,0.0027260365154759348,0.012202567080569306,8.972806855424163e-05,5.955413203100038e-06
2024-03-06 13:46:07.183,-0.005037784318944206,-0.7157383641436169,-9.963997911509226,-0.004008688378517368,0.0002300310350832594,0.002725333909034978,-0.09824151823179418,8.221778578564317e-05,-5.05013564476583e-05
2024-03-06 13:46:07.240,-0.003975514793985635,-0.6888626109001407,-9.84999090214303,-0.0034345577554737226,0.00023490890966166688,0.002722513158745167,0.02296585749899752,0.00013289590493104246,-0.00010707377782903502
2024-03-06 13:46:07.294,-0.00348322079670859,-0.17568832010952354,-9.701282535898118,-0.0006675943546877363,0.00024630696178034803,0.002723414375257003,0.11067962274830959,0.0001545905515121061,6.256859141073577e-05
2024-03-06 13:46:07.348,-0.0022831683675247545,-0.7779015302502289,-9.7633108515955,-0.00042870639722474723,0.00024901009729345555,0.0027261217399692597,0.009555751385070643,8.205429332745713e-05,0.00011068694659002868
2024-03-06 13:46:07.402,-0.0013709702474465756,-1.603288395080987,-9.885957460679272,-0.0006566569026424763,0.00024843613973740583,0.0027258972810362448,-0.00911804775292218,1.9062560586663933e-06,-1.1244802975269919e-05
2024-03-06 13:46:07.458,-0.0013561739873105816,-1.8850684085502394,-9.869686417883255,-0.0005946345360884971,0.0002445290337652787,0.002724850893869317,0.0024804701697573586,-0.00016302178621453256,-4.133613990484018e-05
2024-03-06 13:46:07.531,-0.00021037052841948892,-1.6405535199043997,-9.756196385653675,-0.0009490363699114192,0.00023984003482325518,0.002724244373908727,-0.014176529776393176,-0.00014890459658482158,-2.7861959549567254e-05
2024-03-06 13:46:07.590,-0.0012069530635863733,-1.5109326205611568,-9.745586945652093,-0.002907116023052011,0.00023761470685702192,0.0027252529350522393,-0.07832330365253438,0.0001243136176301484,2.2127863509740315e-05
2024-03-06 13:46:07.645,-0.0012519417625695437,-1.0035447474282402,-9.826464298041836,-0.002124402835353013,0.00023663761749067913,0.0027269928018362685,0.03130838690158422,-0.00012456783597177042,7.680322343596305e-05
2024-03-06 13:46:07.697,0.0005256903285011034,-0.5361851166510573,-9.88461933646762,0.00047146532773552954,0.00024055016310535558,0.002725041226223083,0.10383484760619519,-0.00012664835424984355,-5.3064796736542686e-05
2024-03-06 13:46:07.753,0.0004204190910447016,-1.0927122149352702,-9.839832222246152,-0.0005103908801653637,0.0002352337326917648,0.0027249981042430076,-0.0392746820828246,-0.00010562217374174637,-1.117381886920803e-05
2024-03-06 13:46:07.859,-2.6278824978012056e-05,-1.6942510566145144,-9.752078822482359,-0.002053715396769333,0.00022892320453362454,0.002725111231263768,-0.061733495523682576,-8.416620220057342e-05,-1.0039813464139517e-05
2024-03-06 13:46:07.912,0.00036496229796758505,-1.2693775913321812,-9.763584474154927,-0.001005694319184772,0.0002302481264881991,0.0027241640655912723,0.04192089055307473,-6.120896876123452e-05,-2.82917791973839e-05
2024-03-06 13:46:07.978,0.0007145934366773848,-0.8894669662808857,-9.843111222611114,-0.00021868571563962862,0.0002311009731123794,0.0027231981418639074,0.0314803350950258,-5.163420640909837e-05,-3.136632536332062e-05
2024-03-06 13:46:08.030,0.0009150569776263086,-1.1843810110320976,-9.864659604525528,-0.0011373088809378225,0.00022784709929670399,0.0027223925746426986,-0.03674514611725542,-3.0040592488898645e-05,-4.0702909436188294e-05
2024-03-06 13:46:08.080,0.0011015265331810755,-1.2917526500491565,-9.802473336526994,-0.0021993111840603314,0.00022606415800150527,0.0027216435390204096,-0.04248018188926722,4.442230316906706e-05,-3.948154447420249e-05
2024-03-06 13:46:08.130,0.0006178537366697187,-0.8770957056136047,-9.759022856401126,-0.0014575571345027038,0.0002275947708619787,0.0027217379351293074,0.02967026734184701,-1.954025770695921e-05,1.0484746055121759e-05
2024-03-06 13:46:08.182,0.002549164041167803,-0.5788262789532167,-9.808695316087956,0.001329809552229572,0.00023484377767589456,0.0027214002558969045,0.11149508016478879,-1.3448050898931322e-05,1.230936418791655e-05
2024-03-06 13:46:08.235,0.001776371682108916,-1.2062601987093033,-9.87645014776014,0.002544391919556428,0.00023788461292443682,0.0027206219007326416,0.048583545831833164,-1.0624891235220647e-05,-1.9617475151350478e-05
2024-03-06 13:46:08.286,0.0019689768893587376,-2.2177750821164537,-9.828536211275173,0.000880796562556498,0.00023296917530136202,0.0027214170737336367,-0.0665442137651037,-1.5548622485079003e-05,1.614143532404892e-05
2024-03-06 13:46:08.340,0.002210161219024067,-2.4045988706550165,-9.732608128000969,-0.001182854295012228,0.00022711773018870812,0.00272161727314335,-0.08254638084416067,-9.38201853306732e-06,-1.100212514176768e-05
2024-03-06 13:46:08.417,0.0022939652400964035,-1.4782523267056153,-9.73921297425417,-0.0010427535396002855,0.00022742677862214975,0.002721532228041827,0.005604047215788302,-2.8878354110570226e-06,-2.130977571400737e-06
2024-03-06 13:46:08.475,0.0024383782466958423,-0.6321420243575767,-9.848715083408665,0.0007738657942762153,0.00023234040905668077,0.0027212768274496543,0.07266505022926648,-1.1949211577362823e-06,6.490524579101116e-06
2024-03-06 13:46:08.526,0.002629873245184626,-0.7842979487039192,-9.90210286806594,0.0018406995739863707,0.00023519147311173468,0.00272108816956161,0.04267354261842725,-2.074180237551794e-06,2.434246211369786e-06
2024-03-06 13:46:08.578,0.0027090314993288658,-1.4768339341333783,-9.818651153937719,0.0010133572414952818,0.0002329855892110974,0.0027211649733677773,-0.03309384534734424,1.814393938572679e-06,-4.6758437897802085e-06
2024-03-06 13:46:08.628,0.0028394701318679946,-1.6824172767314305,-9.723957073016269,-0.0004139133044328581,0.0002291272530873673,0.0027213242595019276,-0.05709103779583943,1.0329533024764462e-06,-6.818671068125936e-06
2024-03-06 13:46:08.683,0.0029582532947717297,-1.1646269325670102,-9.754482659065523,-0.0006540976405841686,0.0002284947529346481,0.0027213517797034363,-0.00960740811307913,8.45851535027248e-07,-1.096822198214135e-06
2024-03-06 13:46:08.734,0.003046408838512748,-0.571309951705106,-9.855911319468657,0.00037773328821850467,0.00023134036995296978,0.0027212241806443905,0.04127339638470931,1.5117972455141868e-06,4.384183629925027e-06
2024-03-06 13:46:08.786,0.003180342045115883,-0.5280819994563405,-9.882225092506522,0.0012551808522303525,0.0002337616041524308,0.0027211111833224636,0.035098049092390726,1.347857482318302e-06,3.639928911374496e-06
2024-03-06 13:46:08.841,0.0032323287825373535,-0.9361213850861502,-9.806394204379894,0.0009686686999169398,0.0002330366040241366,0.002721117829572509,-0.011460529455867598,2.183426962722041e-06,-2.4108393400704023e-06
2024-03-06 13:46:08.893,0.0033109813803887922,-1.1639617121666228,-9.745096511207592,5.207211217678395e-05,0.00023061626902945112,0.002721225839151237,-0.03666399729145987,2.9573521847578442e-06,-4.178115420677105e-06
2024-03-06 13:46:08.946,0.0034220324971900255,-0.903340031094531,-9.778565821510872,-0.00030945987679857704,0.00022971200228632347,0.0027212492288290033,-0.014461324473913864,3.1832141506649176e-06,-2.391339846184495e-06
